Rank (of 849),District,Grades,# Elementary Schools,# Middle Schools,# High Schools,# Alt. Schools,City,County,Rank score (2017),Rank (2016)
1st,Orinda Union Elementary,K-8,4,1,0,0,Orinda,Contra Costa,0.989,3
2nd,San Marino Unified,K-12,2,1,1,0,San Marino,Los Angeles,0.989,6
3rd,Rancho Santa Fe Elementary,K-8,1,1,0,0,Rancho Santa Fe,San Diego,0.985,10
4th,Montecito Union Elementary,K-6,1,0,0,0,Santa Barbara,Santa Barbara,0.985,2
5th,La Canada Unified,K-12,3,0,1,0,La Canada,Los Angeles,0.983,4
6th,Los Altos Elementary,K-8,7,2,0,0,Los Altos,Santa Clara,0.981,13
7th,Ross Elementary,K-8,1,0,0,0,Ross,Marin,0.981,9
8th,Saratoga Union Elementary,K-8,3,1,0,0,Saratoga,Santa Clara,0.981,1
9th,Del Mar Union Elementary,K-6,8,0,0,0,San Diego,San Diego,0.98,18
10th,Portola Valley Elementary,K-8,2,0,0,0,Portola Valley,San Mateo,0.977,14
11th,Las Lomitas Elementary,K-8,2,0,0,0,Menlo Park,San Mateo,0.977,21
12th,Moraga Elementary,K-8,3,1,0,0,Moraga,Contra Costa,0.976,7
13th,Cold Spring Elementary,K-6,1,0,0,0,Santa Barbara,Santa Barbara,0.976,17
14th,Lafayette Elementary,K-8,4,1,0,0,Lafayette,Contra Costa,0.975,20
15th,Hillsborough City Elementary,K-8,3,1,0,0,Hillsborough,San Mateo,0.971,5
16th,Menlo Park City Elementary,K-8,3,1,0,0,Atherton,San Mateo,0.969,19
17th,Manhattan Beach Unified,K-12,6,1,1,0,Manhattan Beach,Los Angeles,0.968,22
18th,Woodside Elementary,K-8,1,0,0,0,Woodside,San Mateo,0.967,15
19th,Reed Union Elementary,K-8,2,1,0,0,Tiburon,Marin,0.965,8
20th,Cupertino Union,K-8,20,5,0,0,Cupertino,Santa Clara,0.965,24
21st,South Pasadena Unified,K-12,3,1,1,0,South Pasadena,Los Angeles,0.962,26
22nd,Mill Valley Elementary,K-8,5,1,0,0,Mill Valley,Marin,0.957,16
23rd,Los Gatos-Saratoga Joint Union High,9-12,0,0,2,0,Los Gatos,Santa Clara,0.956,11
24th,Clay Joint Elementary,K-8,1,0,0,0,Kingsburg,Fresno,0.954,51
25th,Laguna Beach Unified,K-12,2,1,1,0,Laguna Beach,Orange,0.954,29
26th,Los Alamitos Unified,K-12,6,2,1,0,Los Alamitos,Orange,0.953,30
27th,Arcadia Unified,K-12,6,3,1,1,Arcadia,Los Angeles,0.952,36
28th,Piedmont City Unified,K-12,3,1,2,0,Piedmont,Alameda,0.95,46
29th,Union Elementary,K-8,7,2,0,0,San Jose,Santa Clara,0.948,33
30th,Belmont-Redwood Shores Elementary,K-8,6,1,0,0,Belmont,San Mateo,0.948,35
31st,Palo Alto Unified,K-12,13,3,2,1,Palo Alto,Santa Clara,0.945,27
32nd,Albany City Unified,K-12,3,1,2,0,Albany,Alameda,0.944,41
33rd,Carmel Unified,K-12,4,1,2,0,Carmel,Monterey,0.944,66
34th,Acalanes Union High,9-12,0,0,5,0,Lafayette,Contra Costa,0.944,105
35th,Kentfield Elementary,K-8,1,1,0,0,Kentfield,Marin,0.939,28
36th,Clear Creek Elementary,K-8,1,0,0,0,Grass Valley,Nevada,0.938,54
37th,Burlingame Elementary,K-8,6,1,0,0,Burlingame,San Mateo,0.936,40
38th,Fremont Union High,9-12,0,0,6,0,Sunnyvale,Santa Clara,0.934,31
39th,Ballard Elementary,K-6,1,0,0,0,Solvang,Santa Barbara,0.933,12
40th,Larkspur-Corte Madera,K-8,2,1,0,0,Larkspur,Marin,0.933,65
41st,San Carlos Elementary,K-8,6,2,0,0,San Carlos,San Mateo,0.933,42
42nd,Los Gatos Union Elementary,K-8,4,1,0,0,Los Gatos,Santa Clara,0.924,32
43rd,Walnut Valley Unified,K-12,9,3,3,0,Walnut,Los Angeles,0.924,70
44th,Ross Valley Elementary,K-8,4,1,0,0,San Anselmo,Marin,0.923,50
45th,Loma Prieta Joint Union Elementary,K-8,1,1,0,0,Los Gatos,Santa Cruz,0.923,39
46th,San Ramon Valley Unified,K-12,22,8,5,1,Danville,Contra Costa,0.922,43
47th,Fountain Valley Elementary,K-8,7,3,0,0,Fountain Valley,Orange,0.919,57
48th,Happy Valley Elementary,K-6,1,0,0,0,Santa Cruz,Santa Cruz,0.919,23
49th,Latrobe,K-8,2,0,0,0,Shingle Springs,El Dorado,0.917,37
50th,Hermosa Beach City Elementary,K-8,2,0,0,0,Hermosa Beach,Los Angeles,0.916,
51st,Sunol Glen Unified,K-8,1,0,0,0,Sunol,Alameda,0.916,25
52nd,Encinitas Union Elementary,K-6,9,0,0,0,Encinitas,San Diego,0.915,56
53rd,Cardiff Elementary,K-6,2,0,0,0,Cardiff By The Sea,San Diego,0.914,55
54th,Dixie Elementary,K-8,3,1,0,0,San Rafael,Marin,0.91,44
55th,Pleasanton Unified,K-12,9,3,3,0,Pleasanton,Alameda,0.907,45
56th,Irvine Unified,K-12,25,6,7,1,Irvine,Orange,0.906,47
57th,Huntington Beach City Elementary,K-8,8,2,0,0,Huntington Beach,Orange,0.905,68
58th,Scotts Valley Unified,K-12,2,1,1,0,Scotts Valley,Santa Cruz,0.903,69
59th,Beverly Hills Unified,K-12,4,0,2,0,Beverly Hills,Los Angeles,0.903,53
60th,Lakeside Joint,K-5,1,0,0,0,Los Gatos,Santa Cruz,0.9,34
61st,San Dieguito Union High,7-12,0,5,5,0,Encinitas,San Diego,0.899,59
62nd,Coronado Unified,K-12,2,1,1,0,Coronado,San Diego,0.896,60
63rd,Gravenstein Union Elementary,K-8,3,1,0,0,Sebastopol,Sonoma,0.894,58
64th,Grant Elementary,K-8,1,0,0,0,Redding,Shasta,0.893,67
65th,Walnut Creek Elementary,K-8,6,1,0,0,Walnut Creek,Contra Costa,0.892,52
66th,Jacoby Creek Elementary,K-8,1,0,0,0,Bayside,Humboldt,0.891,61
67th,Palos Verdes Peninsula Unified,K-12,10,3,3,0,Palos Verdes Estates,Los Angeles,0.891,48
68th,Ackerman Charter,K-8,1,0,0,0,Auburn,Placer,0.887,79
69th,Poway Unified,K-12,26,6,6,0,San Diego,San Diego,0.88,64
70th,Las Virgenes Unified,K-12,9,3,3,0,Calabasas,Los Angeles,0.876,75
71st,Pacific Grove Unified,K-12,2,1,2,0,Pacific Grove,Monterey,0.873,78
72nd,Rescue Union Elementary,K-8,5,2,0,0,Rescue,El Dorado,0.871,74
73rd,Douglas City Elementary,K-8,1,0,0,0,Douglas City,Trinity,0.869,63
75th,Buellton Union Elementary,K-8,1,1,0,0,Buellton,Santa Barbara,0.867,71
76th,Millville Elementary,K-8,1,0,0,0,Millville,Shasta,0.865,87
77th,Freshwater Elementary,K-8,1,1,0,0,Eureka,Humboldt,0.857,92
78th,Carlsbad Unified,K-12,9,3,4,0,Carlsbad,San Diego,0.853,82
79th,Waugh Elementary,K-6,2,0,0,0,Petaluma,Sonoma,0.851,97
80th,Redondo Beach Unified,K-12,8,2,3,0,Redondo Beach,Los Angeles,0.85,84
81st,Mountain Elementary,K-6,1,0,0,0,Soquel,Santa Cruz,0.85,38
82nd,McCabe Union Elementary,K-8,1,0,0,0,El Centro,Imperial,0.849,98
83rd,Fremont Unified,K-12,29,5,8,1,Fremont,Alameda,0.846,94
84th,Kings River-Hardwick Union Elementary,K-8,1,0,0,0,Hanford,Kings,0.845,80
85th,Dublin Unified,K-12,7,2,2,0,Dublin,Alameda,0.834,73
86th,Los Olivos Elementary,K-8,1,0,0,0,Los Olivos,Santa Barbara,0.833,85
87th,Cypress Elementary,K-6,6,0,0,0,Cypress,Orange,0.83,103
88th,Newhall,K-6,10,0,0,0,Valencia,Los Angeles,0.829,91
89th,Kenwood,K-6,1,0,0,0,Kenwood,Sonoma,0.829,49
90th,Etiwanda Elementary,K-8,12,5,0,0,Etiwanda,San Bernardino,0.828,112
91st,Newcastle Elementary,K-12,4,0,1,1,Newcastle,Placer,0.828,76
92nd,Santa Monica-Malibu Unified,K-12,11,2,2,1,Santa Monica,Los Angeles,0.824,90
93rd,Lammersville Joint Unified,K-12,5,0,1,0,Mountain House,San Joaquin,0.823,150
94th,Davis Joint Unified,K-12,9,0,3,4,Davis,Yolo,0.823,102
95th,Oak Park Unified,K-12,3,1,2,1,Oak Park,Ventura,0.821,89
96th,Wiseburn Unified,K-12,4,1,3,0,Hawthorne,Los Angeles,0.82,
97th,Franklin Elementary,K-8,1,0,0,0,Yuba City,Sutter,0.818,96
98th,Solvang Elementary,K-8,1,0,0,0,Solvang,Santa Barbara,0.818,237
99th,Rocklin Unified,K-12,14,2,4,1,Rocklin,Placer,0.815,109
100th,Fieldbrook Elementary,K-8,1,0,0,0,McKinleyville,Humboldt,0.815,88
101st,Loomis Union Elementary,K-12,7,0,0,1,Loomis,Placer,0.814,95
102nd,Hope Elementary,K-6,3,0,0,0,Santa Barbara,Santa Barbara,0.813,86
103rd,El Segundo Unified,K-12,2,1,2,0,El Segundo,Los Angeles,0.813,115
104th,Moreland,K-8,6,1,0,0,San Jose,Santa Clara,0.812,104
105th,Saint Helena Unified,K-12,2,1,1,0,Saint Helena,Napa,0.812,107
106th,Twin Hills Union Elementary,K-12,2,1,0,1,Sebastopol,Sonoma,0.811,114
107th,Wilmar Union Elementary,K-6,1,0,0,0,Petaluma,Sonoma,0.81,106
108th,Castro Valley Unified,K-12,9,2,3,1,Castro Valley,Alameda,0.81,110
109th,Dunham Elementary,K-6,2,0,0,0,Petaluma,Sonoma,0.807,233
110th,Nuestro Elementary,K-12,1,0,0,1,Live Oak,Sutter,0.807,181
111th,Buckeye Union Elementary,K-8,8,2,0,0,El Dorado Hills,El Dorado,0.807,100
112th,San Pasqual Union Elementary,K-8,1,0,0,0,Escondido,San Diego,0.806,99
113th,San Mateo Union High,9-12,0,0,8,0,San Mateo,San Mateo,0.806,129
114th,San Luis Coastal Unified,K-12,11,2,3,1,San Luis Obispo,San Luis Obispo,0.805,133
115th,Columbine Elementary,K-8,1,0,0,0,Delano,Kern,0.8,93
116th,Torrance Unified,K-12,17,8,6,0,Torrance,Los Angeles,0.796,117
117th,Santa Ynez Valley Union High,9-12,0,0,2,0,Santa Ynez,Santa Barbara,0.793,62
118th,Millbrae Elementary,K-8,4,1,0,0,Millbrae,San Mateo,0.792,108
119th,Junction Elementary,K-8,1,0,0,0,Palo Cedro,Shasta,0.791,199
120th,Placentia-Yorba Linda Unified,K-12,22,5,6,1,Placentia,Orange,0.79,118
121st,Pacifica,K-8,6,1,0,0,Pacifica,San Mateo,0.787,135
122nd,Mountain View Whisman,K-8,10,2,0,0,Mountain View,Santa Clara,0.785,127
123rd,Hydesville Elementary,K-8,1,0,0,0,Hydesville,Humboldt,0.783,349
124th,Temple City Unified,K-12,4,1,2,1,Temple City,Los Angeles,0.782,119
125th,Capistrano Unified,K-12,39,12,9,2,San Juan Capistrano,Orange,0.778,120
126th,Campbell Union High,9-12,0,0,7,0,San Jose,Santa Clara,0.777,125
127th,Clovis Unified,K-12,34,5,8,1,Clovis,Fresno,0.776,184
128th,Milpitas Unified,K-12,9,2,2,0,Milpitas,Santa Clara,0.774,151
129th,Round Valley Joint Elementary,K-8,1,0,0,0,Bishop,Inyo,0.771,207
130th,Richmond Elementary,K-8,1,0,0,0,Susanville,Lassen,0.771,177
131st,Temecula Valley Unified,K-12,18,6,4,2,Temecula,Riverside,0.77,132
132nd,North County Joint Union Elementary,K-8,1,0,0,0,Hollister,San Benito,0.77,166
133rd,Tamalpais Union High,9-12,0,0,5,0,Larkspur,Marin,0.77,141
134th,Brea-Olinda Unified,K-12,6,1,2,0,Brea,Orange,0.767,145
135th,Lowell Joint,K-8,5,1,0,0,Whittier,Los Angeles,0.767,131
137th,Conejo Valley Unified,K-12,17,4,4,1,Thousand Oaks,Ventura,0.766,124
138th,Alta Loma Elementary,K-8,8,2,0,0,Alta Loma,San Bernardino,0.763,155
139th,Hickman Community Charter,K-8,2,1,0,0,Hickman,Stanislaus,0.759,130
140th,Magnolia Union Elementary,K-8,1,0,0,0,Brawley,Imperial,0.758,111
141st,Centralia Elementary,K-6,8,0,0,0,Buena Park,Orange,0.756,142
142nd,Huntington Beach Union High,9-12,0,0,8,0,Huntington Beach,Orange,0.755,149
143rd,Soquel Union Elementary,K-8,4,1,0,0,Capitola,Santa Cruz,0.755,206
144th,Goleta Union Elementary,K-6,9,0,0,0,Goleta,Santa Barbara,0.753,171
145th,Island Union Elementary,K-8,1,0,0,0,Lemoore,Kings,0.752,202
146th,Glendora Unified,K-12,5,2,2,0,Glendora,Los Angeles,0.752,139
147th,Pacific Elementary,K-6,1,0,0,0,Davenport,Santa Cruz,0.751,128
148th,Manzanita Elementary,K-8,1,0,0,0,Gridley,Butte,0.75,137
149th,Norris Elementary,K-8,4,1,0,0,Bakersfield,Kern,0.749,126
150th,Rosemead Elementary,K-8,4,1,0,0,Rosemead,Los Angeles,0.748,187
151st,Bonita Unified,K-12,8,2,3,1,San Dimas,Los Angeles,0.748,162
152nd,Mountain View-Los Altos Union High,9-12,0,0,3,0,Mountain View,Santa Clara,0.747,203
153rd,Two Rock Union,K-6,1,0,0,0,Petaluma,Sonoma,0.746,270
154th,Cambrian,K-8,5,1,0,0,San Jose,Santa Clara,0.746,121
155th,Alexander Valley Union Elementary,K-6,1,0,0,0,Healdsburg,Sonoma,0.745,113
156th,Southside Elementary,K-8,1,0,0,0,Hollister,San Benito,0.744,77
157th,Alta-Dutch Flat Union Elementary,K-8,1,0,0,0,Alta,Placer,0.744,241
158th,Roseville City Elementary,K-8,14,4,0,0,Roseville,Placer,0.743,147
159th,Sundale Union Elementary,K-8,1,0,0,0,Tulare,Tulare,0.741,205
160th,Golden Valley Unified,K-12,3,1,4,2,Madera,Madera,0.741,196
161st,Rosedale Union Elementary,K-8,7,2,0,0,Bakersfield,Kern,0.74,218
162nd,Brentwood Union Elementary,K-8,8,3,0,0,Brentwood,Contra Costa,0.739,174
163rd,Nevada City Elementary,K-8,2,1,0,0,Nevada City,Nevada,0.737,156
164th,Pleasant Valley,K-8,10,2,0,0,Camarillo,Ventura,0.736,173
165th,Saugus Union,K-6,15,0,0,0,Santa Clarita,Los Angeles,0.733,148
166th,Alameda Unified,K-12,11,3,4,3,Alameda,Alameda,0.733,163
167th,Castaic Union,K-8,3,1,0,0,Valencia,Los Angeles,0.733,189
168th,Sulphur Springs Union,K-6,9,0,0,0,Canyon Country,Los Angeles,0.732,201
169th,Vista Del Mar Union,K-8,1,0,0,0,Gaviota,Santa Barbara,0.732,138
170th,Alhambra Unified,K-12,13,0,5,0,Alhambra,Los Angeles,0.732,210
171st,Tahoe-Truckee Unified,K-12,6,2,3,1,Truckee,Nevada,0.732,178
172nd,Berryessa Union Elementary,K-8,11,3,0,0,San Jose,Santa Clara,0.73,165
173rd,Spreckels Union Elementary,K-8,1,1,0,0,Spreckels,Monterey,0.728,164
174th,Pioneer Union Elementary,K-8,2,1,0,0,Hanford,Kings,0.727,191
175th,Templeton Unified,K-12,3,1,3,0,Templeton,San Luis Obispo,0.726,136
176th,Glendale Unified,K-12,20,4,5,3,Glendale,Los Angeles,0.724,153
177th,Garvey Elementary,K-8,8,2,0,0,Rosemead,Los Angeles,0.723,198
178th,Murrieta Valley Unified,K-12,11,4,3,1,Murrieta,Riverside,0.721,197
179th,Fallbrook Union Elementary,K-8,9,1,0,0,Fallbrook,San Diego,0.721,228
180th,Berkeley Unified,K-12,11,4,3,0,Berkeley,Alameda,0.72,217
181st,Lassen View Union Elementary,K-8,2,0,0,0,Los Molinos,Tehama,0.718,273
182nd,Saddleback Valley Unified,K-12,23,4,7,0,Mission Viejo,Orange,0.718,159
183rd,Bonny Doon Union Elementary,K-6,1,0,0,0,Santa Cruz,Santa Cruz,0.717,83
184th,Ocean View,K-8,11,4,0,0,Huntington Beach,Orange,0.714,194
185th,Evergreen Elementary,K-8,15,3,0,0,San Jose,Santa Clara,0.713,188
186th,Redlands Unified,K-12,16,4,5,1,Redlands,San Bernardino,0.712,179
187th,Gratton Elementary,K-8,2,0,0,0,Denair,Stanislaus,0.712,123
188th,Brisbane Elementary,K-8,2,1,0,0,Brisbane,San Mateo,0.711,170
189th,Rincon Valley Union Elementary,K-8,9,0,0,0,Santa Rosa,Sonoma,0.709,225
190th,Bonsall Unified,K-12,3,1,1,1,Bonsall,San Diego,0.706,
191st,Culver City Unified,K-12,5,1,2,1,Culver City,Los Angeles,0.706,215
192nd,Chula Vista Elementary,K-12,45,0,0,2,Chula Vista,San Diego,0.705,223
193rd,North Cow Creek Elementary,K-8,1,0,0,0,Palo Cedro,Shasta,0.705,134
194th,Claremont Unified,K-12,8,1,3,0,Claremont,Los Angeles,0.705,249
195th,Benicia Unified,K-12,4,1,3,0,Benicia,Solano,0.704,239
196th,William S. Hart Union High,K-12,0,6,12,2,Santa Clarita,Los Angeles,0.701,216
197th,Carpinteria Unified,K-12,4,1,3,0,Carpinteria,Santa Barbara,0.7,226
198th,Moorpark Unified,K-12,6,2,4,0,Moorpark,Ventura,0.699,183
199th,Scott Valley Unified,K-12,3,1,2,1,Fort Jones,Siskiyou,0.699,245
200th,Mark West Union Elementary,K-8,4,0,0,0,Santa Rosa,Sonoma,0.699,160
201st,Jefferson Union High,9-12,0,0,6,0,Daly City,San Mateo,0.698,258
202nd,Live Oak Elementary,K-12,5,1,1,0,Santa Cruz,Santa Cruz,0.697,271
203rd,Valle Lindo Elementary,K-8,1,1,0,0,South El Monte,Los Angeles,0.697,209
204th,Roseville Joint Union High,9-12,0,0,7,0,Roseville,Placer,0.697,172
205th,Ripon Unified,K-12,5,0,2,1,Ripon,San Joaquin,0.696,211
206th,Lake Elementary,K-8,1,0,0,0,Orland,Glenn,0.696,248
207th,Grossmont Union High,9-12,0,0,17,0,El Cajon,San Diego,0.695,319
208th,San Mateo-Foster City,K-8,16,4,0,0,Foster City,San Mateo,0.694,161
209th,Westminster,K-8,13,3,0,0,Westminster,Orange,0.694,213
210th,Jefferson Elementary,K-8,3,1,0,0,Tracy,San Joaquin,0.694,240
211th,Vallecito Union,K-8,2,1,0,0,Avery,Calaveras,0.694,143
212th,Durham Unified,K-12,1,1,1,0,Durham,Butte,0.694,229
213th,Fruitvale Elementary,K-8,4,1,0,0,Bakersfield,Kern,0.692,182
214th,ABC Unified,K-12,19,5,6,0,Cerritos,Los Angeles,0.692,234
215th,El Dorado Union High,9-12,0,0,7,0,Placerville,El Dorado,0.691,235
216th,Pleasant Ridge Union Elementary,K-8,2,1,0,0,Grass Valley,Nevada,0.69,167
217th,Pleasant Grove Joint Union,K-8,1,0,0,0,Pleasant Grove,Sutter,0.69,116
218th,Santee,K-8,11,0,0,0,Santee,San Diego,0.69,186
219th,Tustin Unified,K-12,20,5,5,0,Tustin,Orange,0.687,246
220th,Knights Ferry Elementary,K-8,1,0,0,0,Knights Ferry,Stanislaus,0.686,224
221st,Orchard Elementary,K-8,1,0,0,0,San Jose,Santa Clara,0.685,266
222nd,Siskiyou Union High,9-12,0,0,6,0,Mount Shasta,Siskiyou,0.685,293
223rd,Arcata Elementary,K-8,5,1,0,0,Arcata,Humboldt,0.684,227
224th,Oak View Union Elementary,K-8,1,0,0,0,Acampo,San Joaquin,0.683,244
225th,Dry Creek Joint Elementary,K-8,7,2,0,0,Roseville,Placer,0.679,158
226th,Burbank Unified,K-12,11,3,5,2,Burbank,Los Angeles,0.678,232
227th,Chicago Park Elementary,K-8,2,0,0,0,Grass Valley,Nevada,0.674,254
228th,Cayucos Elementary,K-8,1,0,0,0,Cayucos,San Luis Obispo,0.674,168
229th,Sutter Union High,9-12,0,0,2,0,Sutter,Sutter,0.673,606
230th,Sonora Elementary,K-8,1,0,0,0,Sonora,Tuolumne,0.673,185
231st,Coast Unified,K-12,1,1,3,0,Cambria,San Luis Obispo,0.672,157
232nd,Cottonwood Union Elementary,K-8,2,1,0,0,Cottonwood,Shasta,0.672,277
233rd,Newport-Mesa Unified,K-12,22,2,7,0,Costa Mesa,Orange,0.67,243
234th,East Whittier City Elementary,K-8,10,3,0,0,Whittier,Los Angeles,0.668,222
235th,Livermore Valley Joint Unified,K-12,11,3,4,1,Livermore,Alameda,0.667,236
236th,Heber Elementary,K-8,1,0,0,0,Heber,Imperial,0.667,255
237th,Columbia Elementary,K-12,2,1,0,1,Redding,Shasta,0.667,220
238th,Garden Grove Unified,K-12,44,10,9,1,Garden Grove,Orange,0.667,268
239th,Santa Clara Unified,K-12,18,3,3,2,Santa Clara,Santa Clara,0.667,250
240th,Chaffey Joint Union High,9-12,0,0,11,0,Ontario,San Bernardino,0.666,267
241st,Sequoia Union High,9-12,0,0,8,0,Redwood City,San Mateo,0.666,282
242nd,College Elementary,K-8,3,0,0,0,Santa Ynez,Santa Barbara,0.665,263
243rd,Garfield Elementary,K-6,1,0,0,0,Eureka,Humboldt,0.665,
244th,Galt Joint Union High,9-12,0,0,3,0,Galt,Sacramento,0.664,514
245th,East Nicolaus Joint Union High,9-12,0,0,1,0,Nicolaus,Sutter,0.663,278
246th,Alpine Union Elementary,K-8,5,1,0,0,Alpine,San Diego,0.662,421
247th,San Marcos Unified,K-12,12,3,4,1,San Marcos,San Diego,0.662,219
248th,Corona-Norco Unified,K-12,32,8,9,2,Norco,Riverside,0.661,251
249th,Lassen Union High,7-12,0,0,2,0,Susanville,Lassen,0.661,152
250th,Novato Unified,K-12,9,2,3,2,Novato,Marin,0.66,190
251st,Mesa Union Elementary,K-12,1,0,0,1,Somis,Ventura,0.66,176
252nd,McSwain Union Elementary,K-8,1,0,0,0,Merced,Merced,0.658,214
253rd,Little Lake City Elementary,K-8,7,2,0,0,Santa Fe Springs,Los Angeles,0.655,264
254th,Placer Union High,9-12,0,0,6,0,Auburn,Placer,0.654,212
255th,San Lorenzo Valley Unified,K-12,2,1,1,3,Ben Lomond,Santa Cruz,0.651,192
256th,Fullerton Joint Union High,9-12,0,0,8,0,Fullerton,Orange,0.65,284
257th,Burnt Ranch Elementary,K-8,1,0,0,0,Burnt Ranch,Trinity,0.649,593
258th,Mupu Elementary,K-12,1,0,0,1,Santa Paula,Ventura,0.649,309
259th,Plaza Elementary,K-8,1,0,0,0,Orland,Glenn,0.648,231
260th,Petaluma City Elementary,K-12,8,1,0,1,Petaluma,Sonoma,0.647,200
261st,Ventura Unified,K-12,18,4,5,0,Ventura,Ventura,0.646,259
262nd,Sunnyvale,K-8,8,2,0,0,Sunnyvale,Santa Clara,0.644,252
263rd,Butteville Union Elementary,K-8,1,0,0,0,Edgewood,Siskiyou,0.642,257
264th,Sequoia Union Elementary,K-8,1,1,0,0,Lemon Cove,Tulare,0.638,373
265th,Folsom-Cordova Unified,K-12,21,4,6,1,Rancho Cordova,Sacramento,0.638,343
266th,Plumas Lake Elementary,K-8,2,1,0,0,Plumas Lake,Yuba,0.638,208
267th,Cutten Elementary,K-6,2,0,0,0,Eureka,Humboldt,0.638,280
268th,Wheatland Union High,7-12,0,0,2,0,Wheatland,Yuba,0.638,302
269th,Winship-Robbins,K-12,2,0,0,1,Meridian,Sutter,0.637,348
270th,West Sonoma County Union High,K-12,0,0,4,1,Sebastopol,Sonoma,0.637,230
271st,Lakeside Union Elementary,K-12,8,2,1,1,Lakeside,San Diego,0.636,308
272nd,Travis Unified,K-12,5,1,3,1,Fairfield,Solano,0.634,272
273rd,Campbell Union,K-8,9,3,0,0,Campbell,Santa Clara,0.633,288
274th,Fullerton Elementary,K-8,17,3,0,0,Fullerton,Orange,0.633,247
275th,Live Oak Unified,K-12,2,1,2,1,Live Oak,Sutter,0.632,378
276th,Gold Trail Union Elementary,K-8,2,0,0,0,Placerville,El Dorado,0.63,140
277th,Placerville Union Elementary,K-8,2,1,0,0,Placerville,El Dorado,0.629,238
278th,Midway Elementary,K-8,1,0,0,0,Fellows,Kern,0.628,180
279th,Chino Valley Unified,K-12,23,5,7,0,Chino,San Bernardino,0.628,261
280th,San Bruno Park Elementary,K-8,6,1,0,0,San Bruno,San Mateo,0.628,333
281st,Magnolia Elementary,K-6,9,0,0,0,Anaheim,Orange,0.626,294
282nd,Escondido Union High,9-12,0,0,7,0,Escondido,San Diego,0.625,256
283rd,Gold Oak Union Elementary,K-8,1,1,0,0,Placerville,El Dorado,0.624,274
284th,Menifee Union Elementary,K-12,10,3,0,1,Menifee,Riverside,0.622,276
285th,Hollister,K-8,9,2,0,0,Hollister,San Benito,0.621,425
286th,Pacific Union Elementary,K-8,2,0,0,0,Arcata,Humboldt,0.619,313
287th,Santa Clara County Office Of Education,K-12,14,3,4,4,San Jose,Santa Clara,0.617,341
288th,Monrovia Unified,K-12,5,2,2,1,Monrovia,Los Angeles,0.617,326
289th,Holtville Unified,K-12,2,1,2,1,Holtville,Imperial,0.617,470
290th,Raymond-Knowles Union Elementary,K-8,1,0,0,0,Raymond,Madera,0.612,512
291st,Fall River Joint Unified,K-12,4,0,6,1,Burney,Shasta,0.611,304
292nd,Petaluma Joint Union High,K-12,1,3,7,1,Petaluma,Sonoma,0.611,285
293rd,Gilroy Unified,K-12,9,3,4,0,Gilroy,Santa Clara,0.61,315
294th,Alview-Dairyland Union Elementary,K-8,2,0,0,0,Chowchilla,Madera,0.606,295
295th,Harmony Union Elementary,K-12,2,0,0,1,Occidental,Sonoma,0.605,262
296th,Downey Unified,K-12,13,4,3,0,Downey,Los Angeles,0.604,299
297th,Nevada Joint Union High,9-12,0,0,7,0,Grass Valley,Nevada,0.603,298
298th,Somis Union,K-8,1,0,0,0,Somis,Ventura,0.6,501
299th,Morgan Hill Unified,K-12,9,2,3,0,Morgan Hill,Santa Clara,0.6,275
300th,Camino Union Elementary,K-8,2,0,0,0,Camino,El Dorado,0.6,314
301st,Santa Cruz City Elementary,K-6,5,0,0,0,Soquel,Santa Cruz,0.599,260
302nd,Kirkwood Elementary,K-8,1,0,0,0,Corning,Tehama,0.599,195
303rd,Central Elementary,K-8,5,2,0,0,Rancho Cucamonga,San Bernardino,0.598,328
304th,Blochman Union Elementary,K-12,1,0,0,2,Santa Maria,Santa Barbara,0.597,310
305th,Colfax Elementary,K-8,1,0,0,0,Colfax,Placer,0.596,409
306th,Middletown Unified,K-12,4,1,2,1,Middletown,Lake,0.593,344
307th,Orcutt Union Elementary,K-12,6,2,0,1,Orcutt,Santa Barbara,0.593,289
308th,Chico Unified,K-12,18,3,5,3,Chico,Butte,0.593,338
309th,Simi Valley Unified,K-12,18,3,4,1,Simi Valley,Ventura,0.592,306
310th,Twain Harte,K-8,1,0,0,0,Twain Harte,Tuolumne,0.592,404
311th,San Francisco Unified,K-12,75,16,26,0,San Francisco,San Francisco,0.592,351
312th,Savanna Elementary,K-6,4,0,0,0,Anaheim,Orange,0.59,297
313th,West Covina Unified,K-12,9,3,3,2,West Covina,Los Angeles,0.59,346
314th,General Shafter Elementary,K-8,1,0,0,0,Bakersfield,Kern,0.589,307
315th,Vacaville Unified,K-12,12,2,4,1,Vacaville,Solano,0.589,355
316th,Three Rivers Union Elementary,K-8,1,0,0,0,Three Rivers,Tulare,0.589,371
317th,Covina-Valley Unified,K-12,10,3,4,0,Covina,Los Angeles,0.586,340
318th,Franklin-McKinley Elementary,K-8,17,5,0,0,San Jose,Santa Clara,0.586,305
319th,Keyes Union,K-12,1,1,0,1,Keyes,Stanislaus,0.586,420
320th,Capay Joint Union Elementary,K-8,1,0,0,0,Orland,Glenn,0.585,357
321st,Elk Grove Unified,K-12,41,9,14,2,Elk Grove,Sacramento,0.585,335
322nd,Delano Joint Union High,9-12,0,0,4,0,Delano,Kern,0.585,323
323rd,Shasta Union High,6-12,0,0,7,4,Redding,Shasta,0.585,322
324th,Grass Valley Elementary,K-8,3,1,0,0,Grass Valley,Nevada,0.585,332
325th,Hart-Ransom Union Elementary,K-12,1,0,0,1,Modesto,Stanislaus,0.585,337
326th,Gridley Unified,K-12,2,1,3,0,Gridley,Butte,0.584,515
327th,Sanger Unified,K-12,14,1,3,2,Sanger,Fresno,0.582,379
328th,Lucia Mar Unified,K-12,11,2,4,1,Arroyo Grande,San Luis Obispo,0.579,350
329th,Fortuna Union High,9-12,0,0,3,0,Fortuna,Humboldt,0.579,401
330th,Bass Lake Joint Union Elementary,K-8,4,1,0,0,Oakhurst,Madera,0.579,361
331st,Sbc - High Technical High,K-12,2,2,2,0,San Diego,San Diego,0.579,489
332nd,Ramona City Unified,K-12,6,1,3,1,Ramona,San Diego,0.578,385
333rd,Orange Unified,K-12,28,5,6,2,Orange,Orange,0.578,352
334th,Wheatland,K-8,4,0,0,0,Wheatland,Yuba,0.578,317
335th,San Diego Unified,K-12,143,32,36,15,San Diego,San Diego,0.577,329
336th,Roberts Ferry Union Elementary,K-8,2,0,0,0,Waterford,Stanislaus,0.575,438
337th,San Gabriel Unified,K-12,5,1,3,0,San Gabriel,Los Angeles,0.575,318
338th,Long Beach Unified,K-12,53,16,15,1,Long Beach,Los Angeles,0.574,432
339th,Ballico-Cressey Elementary,K-8,2,0,0,0,Ballico,Merced,0.574,387
340th,Big Springs Union Elementary,K-8,1,0,0,0,Montague,Siskiyou,0.574,325
341st,El Monte Union High,9-12,0,0,7,0,El Monte,Los Angeles,0.573,442
342nd,Trinidad Union Elementary,K-8,1,0,0,0,Trinidad,Humboldt,0.573,221
343rd,Cabrillo Unified,K-12,4,1,2,0,Half Moon Bay,San Mateo,0.569,359
344th,Oak Grove Elementary,K-8,16,4,0,0,San Jose,Santa Clara,0.569,395
345th,Santa Cruz City High,K-12,0,2,6,1,Soquel,Santa Cruz,0.569,269
346th,Alvina Elementary,K-8,1,0,0,0,Caruthers,Fresno,0.565,675
347th,Atascadero Unified,K-12,8,1,2,1,Atascadero,San Luis Obispo,0.565,265
348th,Lawndale Elementary,K-12,6,2,1,0,Lawndale,Los Angeles,0.563,360
349th,Charter Oak Unified,K-12,5,1,3,1,Covina,Los Angeles,0.563,303
350th,Sebastopol Union Elementary,K-8,3,1,0,0,Sebastopol,Sonoma,0.562,296
351st,Cotati-Rohnert Park Unified,K-12,7,2,4,1,Rohnert Park,Sonoma,0.561,539
352nd,Shoreline Unified,K-12,4,0,1,0,Tomales,Marin,0.561,339
353rd,Vallecitos Elementary,K-12,1,0,0,1,Fallbrook,San Diego,0.561,436
354th,Anderson Valley Unified,K-12,1,0,2,0,Boonville,Mendocino,0.559,529
355th,Richfield Elementary,K-8,1,0,0,0,Corning,Tehama,0.557,193
356th,Mother Lode Union Elementary,K-8,1,1,0,0,Placerville,El Dorado,0.555,324
357th,Buena Vista Elementary,K-8,1,0,0,0,Tulare,Tulare,0.554,653
358th,South San Francisco Unified,K-12,10,3,3,1,South San Francisco,San Mateo,0.553,311
359th,Martinez Unified,K-12,4,1,2,1,Martinez,Contra Costa,0.553,330
360th,Western Placer Unified,K-12,7,2,2,2,Lincoln,Placer,0.551,386
361st,Mariposa County Unified,K-12,7,0,4,1,Mariposa,Mariposa,0.55,363
362nd,Healdsburg Unified,K-12,2,1,2,0,Healdsburg,Sonoma,0.55,410
363rd,Guerneville Elementary,K-8,1,0,0,0,Guerneville,Sonoma,0.549,377
364th,Scotia Union Elementary,K-8,1,0,0,0,Scotia,Humboldt,0.549,365
365th,Imperial Unified,K-12,2,1,2,0,Imperial,Imperial,0.548,336
366th,Arcohe Union Elementary,K-8,1,0,0,0,Herald,Sacramento,0.546,366
367th,Old Adobe Union,K-6,6,0,0,0,Petaluma,Sonoma,0.545,416
368th,Lagunita Elementary,K-8,1,0,0,0,Salinas,Monterey,0.544,
369th,Mulberry Elementary,K-8,1,0,0,0,Brawley,Imperial,0.544,
370th,Yucaipa-Calimesa Joint Unified,K-12,8,2,3,1,Yucaipa,San Bernardino,0.543,413
371st,Paradise Elementary,K-8,2,0,0,0,Modesto,Stanislaus,0.542,283
372nd,San Jose Unified,K-12,27,8,9,1,San Jose,Santa Clara,0.541,447
373rd,Sylvan Union Elementary,K-8,11,3,0,0,Modesto,Stanislaus,0.54,414
374th,La Mesa-Spring Valley,K-8,21,2,0,0,La Mesa,San Diego,0.54,422
375th,Plumas Unified,K-12,4,0,6,1,Quincy,Plumas,0.54,334
376th,Hacienda La Puente Unified,K-12,24,4,8,0,City Of Industry,Los Angeles,0.54,372
377th,Bella Vista Elementary,K-8,1,0,0,0,Bella Vista,Shasta,0.539,402
378th,West Side Union Elementary,K-6,1,0,0,0,Healdsburg,Sonoma,0.539,253
379th,Penn Valley Union Elementary,K-12,3,0,0,1,Penn Valley,Nevada,0.539,
380th,Nevada County Office Of Education,K-12,4,0,4,3,Grass Valley,Nevada,0.538,
381st,Rowland Unified,K-12,14,2,4,2,Rowland Heights,Los Angeles,0.538,380
382nd,Liberty Union High,9-12,0,0,5,0,Brentwood,Contra Costa,0.538,345
383rd,Monte Rio Union Elementary,K-8,1,0,0,0,Monte Rio,Sonoma,0.536,
384th,San Miguel Joint Union,K-8,3,0,0,0,San Miguel,San Luis Obispo,0.534,418
385th,Tres Pinos Union Elementary,K-8,1,0,0,0,Tres Pinos,San Benito,0.534,628
386th,Marcum-Illinois Union Elementary,K-12,1,0,0,1,East Nicolaus,Sutter,0.533,374
387th,Brittan Elementary,K-8,1,0,0,0,Sutter,Sutter,0.533,300
388th,Jefferson Elementary,K-12,11,3,0,1,Daly City,San Mateo,0.533,353
389th,Enterprise Elementary,K-8,8,1,0,0,Redding,Shasta,0.532,354
390th,Maxwell Unified,K-12,1,1,1,0,Maxwell,Colusa,0.532,497
391st,La Honda-Pescadero Unified,K-12,2,0,1,0,Pescadero,San Mateo,0.531,398
392nd,Geyserville Unified,K-12,1,0,1,1,Geyserville,Sonoma,0.529,
393rd,Winton,K-8,3,1,0,0,Winton,Merced,0.528,471
394th,Stanislaus Union Elementary,K-8,5,1,0,0,Modesto,Stanislaus,0.527,486
395th,Whittier Union High,9-12,0,0,7,0,Whittier,Los Angeles,0.526,391
396th,Knightsen Elementary,K-8,2,0,0,0,Knightsen,Contra Costa,0.525,383
397th,Foresthill Union Elementary,K-8,1,0,0,0,Foresthill,Placer,0.525,430
398th,Yosemite Unified,K-12,3,1,7,1,Oakhurst,Madera,0.525,301
399th,Atwater Elementary,K-8,7,3,0,0,Atwater,Merced,0.525,479
400th,Napa Valley Unified,K-12,20,5,6,1,Napa,Napa,0.524,452
401st,Browns Elementary,K-8,1,0,0,0,Rio Oso,Sutter,0.523,507
402nd,Sierra Sands Unified,K-12,7,2,2,0,Ridgecrest,Kern,0.521,369
403rd,Princeton Joint Unified,K-12,1,0,1,0,Princeton,Colusa,0.521,576
404th,El Tejon Unified,K-12,1,1,1,0,Lebec,Kern,0.52,433
405th,Snowline Joint Unified,K-12,6,2,3,1,Phelan,San Bernardino,0.519,426
406th,Upland Unified,K-12,10,2,2,0,Upland,San Bernardino,0.518,342
407th,Kings Canyon Joint Unified,K-12,12,3,5,1,Reedley,Fresno,0.518,532
408th,Pioneer Union Elementary,K-8,2,1,0,0,Somerset,El Dorado,0.518,531
409th,Shasta Union Elementary,K-8,1,0,0,0,Shasta,Shasta,0.518,394
410th,Mountain View Elementary,K-8,3,1,0,0,Ontario,San Bernardino,0.517,347
411th,Ferndale Unified,K-12,1,0,1,0,Ferndale,Humboldt,0.517,540
412th,Yuba County Office Of Education,K-12,1,0,1,3,Marysville,Yuba,0.517,822
413th,Hughes-Elizabeth Lakes Union Elementary,K-8,1,0,0,0,Lake Hughes,Los Angeles,0.516,368
414th,Paso Robles Joint Unified,K-12,7,2,3,0,Paso Robles,San Luis Obispo,0.516,415
415th,Northern Humboldt Union High,K-12,0,0,5,1,McKinleyville,Humboldt,0.516,494
416th,Modesto City High,6-12,0,0,8,1,Modesto,Stanislaus,0.515,364
417th,Center Joint Unified,K-12,4,1,3,0,Antelope,Sacramento,0.515,464
418th,Columbia Union,K-8,2,0,0,0,Columbia,Tuolumne,0.513,279
419th,Oxnard Union High,K-12,0,0,10,1,Oxnard,Ventura,0.511,331
420th,Oak Grove Union Elementary,K-12,2,0,0,1,Santa Rosa,Sonoma,0.511,417
421st,Silver Valley Unified,K-12,4,1,3,1,Yermo,San Bernardino,0.511,287
422nd,Amador County Unified,K-12,6,2,3,1,Jackson,Amador,0.51,505
423rd,Mt. Diablo Unified,K-12,30,9,11,1,Concord,Contra Costa,0.51,434
424th,Mark Twain Union Elementary,K-8,2,0,0,0,Angels Camp,Calaveras,0.509,390
425th,Colusa Unified,K-12,2,0,2,1,Colusa,Colusa,0.508,499
426th,Santa Barbara Unified,K-12,13,5,5,0,Santa Barbara,Santa Barbara,0.507,427
427th,Banta Elementary,K-8,2,0,0,0,Tracy,San Joaquin,0.506,462
428th,Calistoga Joint Unified,K-12,1,0,2,0,Calistoga,Napa,0.506,573
429th,Susanville Elementary,K-8,2,1,0,0,Susanville,Lassen,0.506,388
430th,Ojai Unified,K-12,5,1,2,1,Ojai,Ventura,0.506,286
431st,Buena Park Elementary,K-8,6,1,0,0,Buena Park,Orange,0.505,424
432nd,Kingsburg Joint Union High,9-12,0,0,3,0,Kingsburg,Fresno,0.505,384
433rd,Oak Valley Union Elementary,K-8,1,0,0,0,Tulare,Tulare,0.504,564
434th,Chualar Union,K-8,1,0,0,0,Chualar,Monterey,0.504,468
435th,Newark Unified,K-12,8,1,2,1,Newark,Alameda,0.504,389
436th,East Side Union High,K-12,0,0,25,1,San Jose,Santa Clara,0.503,509
437th,Bellflower Unified,K-12,10,0,3,2,Bellflower,Los Angeles,0.503,443
438th,Liberty Elementary,K-12,2,0,0,2,Petaluma,Sonoma,0.501,406
439th,New Haven Unified,K-12,7,2,3,1,Union City,Alameda,0.501,457
440th,Panama-Buena Vista Union,K-8,18,5,0,0,Bakersfield,Kern,0.5,522
441st,Lemoore Union Elementary,K-8,4,3,0,0,Lemoore,Kings,0.5,370
442nd,Galt Joint Union Elementary,K-8,5,1,0,0,Galt,Sacramento,0.5,567
443rd,El Monte City,K-8,15,0,0,0,El Monte,Los Angeles,0.5,469
444th,Whittier City Elementary,K-8,10,3,0,0,Whittier,Los Angeles,0.499,599
445th,Chawanakee Unified,K-12,2,0,4,1,North Fork,Madera,0.497,477
446th,Ventura County Office Of Education,K-12,3,0,1,4,Camarillo,Ventura,0.497,367
447th,Central Union Elementary,K-8,4,0,0,0,Lemoore,Kings,0.497,476
448th,River Delta Joint Unified,K-12,5,1,4,2,Rio Vista,Solano,0.497,523
449th,Lake Tahoe Unified,K-12,4,1,3,0,South Lake Tahoe,El Dorado,0.496,517
450th,Calipatria Unified,K-12,2,1,1,0,Calipatria,Imperial,0.495,579
451st,Riverside Unified,K-12,30,7,9,4,Riverside,Riverside,0.495,467
452nd,Anaheim Union High,7-12,0,8,12,0,Anaheim,Orange,0.494,399
453rd,Wright Elementary,K-8,3,0,0,0,Santa Rosa,Sonoma,0.493,460
454th,Sweetwater Union High,K-12,0,10,17,4,Chula Vista,San Diego,0.493,506
455th,Mammoth Unified,K-12,1,1,2,0,Mammoth Lakes,Mono,0.492,242
456th,Curtis Creek Elementary,K-8,1,0,0,0,Sonora,Tuolumne,0.491,642
457th,Greenfield Union,K-8,9,3,0,0,Bakersfield,Kern,0.49,580
458th,Monterey County Office Of Education,K-12,2,0,2,3,Salinas,Monterey,0.49,448
459th,Hanford Elementary,K-8,10,2,0,0,Hanford,Kings,0.489,615
460th,Redwood City Elementary,K-8,17,2,0,0,Redwood City,San Mateo,0.489,534
461st,Anderson Union High,9-12,0,0,5,1,Anderson,Shasta,0.488,449
462nd,Desert Sands Unified,K-12,19,7,6,1,La Quinta,Riverside,0.488,465
463rd,Snelling-Merced Falls Union Elementary,K-8,1,0,0,0,Snelling,Merced,0.487,
464th,Lennox,K-12,6,3,2,0,Lennox,Los Angeles,0.486,589
465th,Julian Union Elementary,K-12,1,1,0,3,Julian,San Diego,0.485,320
466th,Rio Bravo-Greeley Union Elementary,K-8,1,1,0,0,Bakersfield,Kern,0.485,392
467th,Caruthers Unified,K-12,1,0,2,0,Caruthers,Fresno,0.484,565
468th,Summerville Elementary,K-8,1,0,0,0,Tuolumne,Tuolumne,0.484,290
469th,Beaumont Unified,K-12,7,2,2,1,Beaumont,Riverside,0.484,405
470th,Redding Elementary,K-12,10,0,1,0,Redding,Shasta,0.484,453
471st,San Rafael City Elementary,K-8,9,1,0,0,San Rafael,Marin,0.483,450
472nd,Westside Union Elementary,K-8,10,2,0,0,Quartz Hill,Los Angeles,0.48,397
473rd,Union Hill Elementary,K-8,1,1,0,0,Grass Valley,Nevada,0.479,312
474th,Pollock Pines Elementary,K-8,1,1,0,0,Pollock Pines,El Dorado,0.479,528
475th,San Rafael City High,9-12,0,0,3,0,San Rafael,Marin,0.478,474
476th,Muroc Joint Unified,K-12,2,0,2,0,North Edwards,Kern,0.477,445
477th,Roseland,K-12,3,0,0,1,Santa Rosa,Sonoma,0.476,472
478th,Byron Union Elementary,K-12,2,1,0,1,Byron,Contra Costa,0.475,144
479th,Hawthorne,K-12,7,3,1,0,Hawthorne,Los Angeles,0.474,545
480th,Central Union High,9-12,0,0,3,1,El Centro,Imperial,0.474,459
481st,Forestville Union Elementary,K-8,2,0,0,0,Forestville,Sonoma,0.474,321
482nd,Oakdale Joint Unified,K-12,4,1,4,0,Oakdale,Stanislaus,0.474,456
483rd,Vista Unified,K-12,18,5,7,3,Vista,San Diego,0.474,524
484th,Santa Cruz County Office Of Education,K-12,0,0,3,1,Santa Cruz,Santa Cruz,0.472,541
485th,Julian Union High,9-12,0,0,1,0,Julian,San Diego,0.471,146
486th,Shiloh Elementary,K-8,2,0,0,0,Modesto,Stanislaus,0.471,704
487th,Soulsbyville Elementary,K-8,1,0,0,0,Soulsbyville,Tuolumne,0.471,327
488th,Lakeside Union,K-8,2,0,0,0,Bakersfield,Kern,0.47,595
489th,Black Oak Mine Unified,K-12,3,0,2,1,Georgetown,El Dorado,0.469,441
490th,Lemon Grove,K-8,6,0,0,0,Lemon Grove,San Diego,0.469,557
491st,Sierra Unified,K-12,4,1,2,0,Prather,Fresno,0.466,407
492nd,McKinleyville Union Elementary,K-8,2,1,0,0,McKinleyville,Humboldt,0.465,431
493rd,Winters Joint Unified,K-12,1,1,2,0,Winters,Yolo,0.465,502
494th,Fortuna Elementary,K-8,3,2,0,0,Fortuna,Humboldt,0.464,542
495th,Waukena Joint Union Elementary,K-8,1,0,0,0,Tulare,Tulare,0.462,592
496th,National Elementary,K-8,12,0,0,0,National City,San Diego,0.461,582
497th,Willits Unified,K-12,4,1,2,3,Willits,Mendocino,0.46,
498th,Tehama County Department Of Education,K-12,1,0,0,3,Red Bluff,Tehama,0.46,788
499th,Norwalk-La Mirada Unified,K-12,17,6,4,0,Norwalk,Los Angeles,0.459,510
500th,El Dorado County Office Of Education,K-12,1,0,1,4,Placerville,El Dorado,0.459,487
501st,Aromas/San Juan Unified,K-12,2,0,1,0,San Juan Bautista,San Benito,0.458,496
502nd,Yreka Union High,9-12,0,0,3,0,Yreka,Siskiyou,0.456,478
503rd,Merced River Union Elementary,K-8,1,0,0,0,Winton,Merced,0.456,381
504th,Escondido Union,K-8,21,6,0,0,Escondido,San Diego,0.454,556
505th,Lincoln Unified,K-12,9,1,2,0,Stockton,San Joaquin,0.454,455
506th,Springville Union Elementary,K-8,1,0,0,0,Springville,Tulare,0.453,356
507th,Waterford Unified,K-12,2,1,2,1,Waterford,Stanislaus,0.453,488
508th,Oceanside Unified,K-12,17,4,3,1,Oceanside,San Diego,0.452,513
509th,Mission Union Elementary,K-8,1,0,0,0,Soledad,Monterey,0.452,535
510th,Santa Rosa High,5-12,0,6,8,0,Santa Rosa,Sonoma,0.452,551
511th,Visalia Unified,K-12,27,5,8,1,Visalia,Tulare,0.451,491
512th,Salida Union Elementary,K-8,6,1,0,0,Salida,Stanislaus,0.45,559
513th,Lodi Unified,K-12,35,7,9,2,Lodi,San Joaquin,0.45,549
514th,Bassett Unified,K-12,4,1,2,0,La Puente,Los Angeles,0.45,616
515th,Los Nietos,K-8,3,1,0,0,Whittier,Los Angeles,0.45,590
516th,Cuddeback Union Elementary,K-8,1,0,0,0,Carlotta,Humboldt,0.449,641
517th,Cinnabar Elementary,K-8,2,0,0,0,Petaluma,Sonoma,0.449,411
518th,Nuview Union,K-12,2,1,1,2,Nuevo,Riverside,0.449,602
519th,Grenada Elementary,K-8,1,0,0,0,Grenada,Siskiyou,0.448,519
520th,Dehesa Elementary,K-12,3,0,0,5,El Cajon,San Diego,0.448,358
521st,Natomas Unified,K-12,10,3,4,2,Sacramento,Sacramento,0.448,408
522nd,Brawley Union High,9-12,0,0,3,0,Brawley,Imperial,0.447,679
523rd,Pasadena Unified,K-12,20,5,4,4,Pasadena,Los Angeles,0.447,566
524th,Romoland Elementary,K-8,4,1,0,0,Homeland,Riverside,0.446,623
525th,Firebaugh-Las Deltas Unified,K-12,2,1,2,1,Firebaugh,Fresno,0.445,656
526th,Tracy Joint Unified,K-12,12,3,7,0,Tracy,San Joaquin,0.445,554
527th,Cajon Valley Union,K-8,22,7,0,0,El Cajon,San Diego,0.445,473
528th,Tehachapi Unified,K-12,3,1,2,0,Tehachapi,Kern,0.445,435
529th,Black Butte Union Elementary,K-8,1,1,0,0,Shingletown,Shasta,0.444,400
530th,Kerman Unified,K-12,4,1,2,0,Kerman,Fresno,0.443,594
531st,Alum Rock Union Elementary,K-8,17,10,0,0,San Jose,Santa Clara,0.443,572
532nd,Lompoc Unified,K-12,11,2,4,0,Lompoc,Santa Barbara,0.443,530
533rd,Monterey Peninsula Unified,K-12,13,4,6,0,Monterey,Monterey,0.443,578
534th,Red Bluff Union Elementary,K-8,4,2,0,0,Red Bluff,Tehama,0.442,484
535th,Windsor Unified,K-12,5,1,2,1,Windsor,Sonoma,0.442,493
536th,Sausalito Marin City,K-8,2,0,0,0,Sausalito,Marin,0.436,444
537th,Orange County Department Of Education,K-12,3,1,4,6,Costa Mesa,Orange,0.436,658
538th,Dunsmuir Elementary,K-8,1,0,0,0,Dunsmuir,Siskiyou,0.435,586
539th,Fallbrook Union High,9-12,0,0,3,0,Fallbrook,San Diego,0.433,429
540th,Dixon Unified,K-12,4,1,3,0,Dixon,Solano,0.433,619
541st,Hanford Joint Union High,9-12,0,0,6,0,Hanford,Kings,0.432,451
542nd,Briggs Elementary,K-8,1,1,0,0,Santa Paula,Ventura,0.432,562
543rd,Paradise Unified,K-12,7,2,4,1,Paradise,Butte,0.432,538
544th,Linden Unified,K-12,3,1,2,0,Linden,San Joaquin,0.431,480
545th,Washington Unified,K-12,10,0,2,3,West Sacramento,Yolo,0.429,597
546th,Lakeport Unified,K-12,2,0,2,2,Lakeport,Lake,0.428,396
547th,Fairfield-Suisun Unified,K-12,19,3,4,3,Fairfield,Solano,0.428,596
548th,Pacheco Union Elementary,K-8,2,0,0,0,Redding,Shasta,0.428,526
549th,Merced Union High,9-12,0,0,9,0,Atwater,Merced,0.428,458
550th,Bear Valley Unified,K-12,4,1,2,0,Big Bear Lake,San Bernardino,0.425,614
551st,San Juan Unified,K-12,47,8,12,8,Carmichael,Sacramento,0.424,520
552nd,Mountain Empire Unified,K-12,4,3,4,5,Pine Valley,San Diego,0.424,518
553rd,Duarte Unified,K-12,5,1,3,0,Duarte,Los Angeles,0.424,503
554th,Liberty Elementary,K-8,1,0,0,0,Tulare,Tulare,0.423,667
555th,San Benito High,9-12,0,0,2,0,Hollister,San Benito,0.423,521
556th,Tulare Joint Union High,9-12,0,0,7,0,Tulare,Tulare,0.421,536
557th,Newman-Crows Landing Unified,K-12,4,1,3,1,Newman,Stanislaus,0.42,613
558th,Kings River Union Elementary,K-8,1,0,0,0,Kingsburg,Fresno,0.42,627
559th,Los Angeles Unified,K-12,597,141,216,56,Los Angeles,Los Angeles,0.419,584
560th,Sonora Union High,9-12,0,0,3,0,Sonora,Tuolumne,0.417,571
561st,Ukiah Unified,K-12,8,2,3,2,Ukiah,Mendocino,0.415,543
562nd,Southern Humboldt Joint Unified,K-12,4,1,2,1,Miranda,Humboldt,0.414,544
563rd,Bishop Unified,K-12,3,2,4,1,Bishop,Inyo,0.413,553
564th,Gorman Joint,K-12,1,0,0,1,Gorman,Kern,0.413,577
565th,Morongo Unified,K-12,11,2,3,0,Twentynine Palms,San Bernardino,0.413,533
566th,Lemoore Union High,9-12,0,0,3,0,Lemoore,Kings,0.411,492
567th,Mount Pleasant Elementary,K-8,4,1,0,0,San Jose,Santa Clara,0.411,463
568th,Central Unified,K-12,15,3,3,1,Fresno,Fresno,0.41,630
569th,Shandon Joint Unified,K-12,2,0,2,0,Shandon,San Luis Obispo,0.409,454
570th,Antelope Valley Union High,7-12,0,0,15,0,Lancaster,Los Angeles,0.409,605
571st,Yuba City Unified,K-12,13,1,3,2,Yuba City,Sutter,0.409,547
572nd,Marysville Joint Unified,K-12,15,3,5,0,Marysville,Yuba,0.408,598
573rd,Kern High,9-12,0,0,24,0,Bakersfield,Kern,0.408,527
574th,Escalon Unified,K-12,4,1,2,1,Escalon,San Joaquin,0.406,638
575th,Plainsburg Union Elementary,K-8,1,0,0,0,Merced,Merced,0.405,600
576th,Tulelake Basin Joint Unified,K-12,1,0,2,0,Tulelake,Siskiyou,0.404,481
577th,El Centro Elementary,K-8,12,2,0,0,El Centro,Imperial,0.402,662
578th,Empire Union Elementary,K-8,5,1,0,0,Modesto,Stanislaus,0.401,664
579th,Cloverdale Unified,K-12,1,1,2,1,Cloverdale,Sonoma,0.4,446
580th,Exeter Unified,K-12,2,1,2,1,Exeter,Tulare,0.4,537
581st,Seeley Union Elementary,K-8,1,0,0,0,Seeley,Imperial,0.399,631
582nd,Victor Valley Union High,7-12,0,1,8,1,Victorville,San Bernardino,0.397,629
583rd,Perris Union High,5-12,0,1,6,1,Perris,Riverside,0.397,635
584th,Val Verde Unified,K-12,12,4,4,2,Perris,Riverside,0.396,558
585th,Oakley Union Elementary,K-8,6,2,0,0,Oakley,Contra Costa,0.395,636
586th,John Swett Unified,K-12,1,1,1,1,Rodeo,Contra Costa,0.393,587
587th,Wasco Union High,9-12,0,0,2,0,Wasco,Kern,0.393,612
588th,Lone Pine Unified,K-12,1,0,2,0,Lone Pine,Inyo,0.392,437
589th,Lake Elsinore Unified,K-12,15,4,4,1,Lake Elsinore,Riverside,0.392,583
590th,Ontario-Montclair,K-8,26,6,0,0,Ontario,San Bernardino,0.391,693
591st,Lucerne Valley Unified,K-12,1,1,2,2,Lucerne Valley,San Bernardino,0.39,561
592nd,Manteca Unified,K-12,21,0,9,0,Manteca,San Joaquin,0.39,637
593rd,Acton-Agua Dulce Unified,K-12,4,1,4,8,Acton,Los Angeles,0.389,548
594th,Palm Springs Unified,K-12,16,5,5,1,Palm Springs,Riverside,0.389,643
595th,Chatom Union,K-8,1,1,0,0,Turlock,Stanislaus,0.388,485
596th,Sacramento City Unified,K-12,60,7,13,2,Sacramento,Sacramento,0.388,608
597th,Shaffer Union Elementary,K-8,1,0,0,0,Litchfield,Lassen,0.384,504
598th,Woodland Joint Unified,K-12,12,2,3,0,Woodland,Yolo,0.381,570
599th,Paramount Unified,K-12,12,3,3,0,Paramount,Los Angeles,0.381,618
600th,Oroville Union High,9-12,0,0,4,0,Oroville,Butte,0.38,689
601st,South Bay Union,K-8,11,0,0,0,Imperial Beach,San Diego,0.378,610
602nd,Pierce Joint Unified,K-12,2,1,2,0,Arbuckle,Colusa,0.378,647
603rd,Pomona Unified,K-12,27,4,9,2,Pomona,Los Angeles,0.377,632
604th,Gateway Unified,K-12,5,0,3,2,Redding,Shasta,0.376,560
605th,Bellevue Union,K-12,4,0,0,1,Santa Rosa,Sonoma,0.376,686
606th,Hamilton Unified,K-12,1,0,3,0,Hamilton City,Glenn,0.372,655
607th,Apple Valley Unified,K-12,10,0,2,2,Apple Valley,San Bernardino,0.372,591
608th,El Rancho Unified,K-12,8,3,3,0,Pico Rivera,Los Angeles,0.372,634
609th,Janesville Union Elementary,K-8,1,0,0,0,Janesville,Lassen,0.371,482
610th,Alvord Unified,K-12,15,4,5,1,Corona,Riverside,0.371,646
611th,La Habra City Elementary,K-8,7,2,0,0,La Habra,Orange,0.369,645
612th,Helendale Elementary,K-12,1,1,1,3,Helendale,San Bernardino,0.369,419
613th,Meadows Union Elementary,K-8,1,0,0,0,El Centro,Imperial,0.368,640
614th,Santa Maria Joint Union High,9-12,0,0,4,0,Santa Maria,Santa Barbara,0.365,611
615th,West Contra Costa Unified,K-12,40,8,11,2,Richmond,Contra Costa,0.365,639
616th,Hemet Unified,K-12,15,4,8,1,Hemet,Riverside,0.364,609
617th,San Leandro Unified,K-12,8,2,2,0,San Leandro,Alameda,0.364,621
618th,Azusa Unified,K-12,12,3,3,0,Azusa,Los Angeles,0.364,681
619th,Tulare County Office Of Education,K-12,0,0,4,3,Visalia,Tulare,0.362,568
620th,Golden Feather Union Elementary,K-12,1,0,0,1,Oroville,Butte,0.36,708
621st,Riverdale Joint Unified,K-12,2,0,2,0,Riverdale,Fresno,0.36,620
622nd,San Jacinto Unified,K-12,7,3,2,2,San Jacinto,Riverside,0.359,625
623rd,Salinas Union High,7-12,0,4,7,0,Salinas,Monterey,0.359,671
624th,Valley Home Joint Elementary,K-8,1,0,0,0,Valley Home,Stanislaus,0.359,669
625th,Mountain View Elementary,K-8,10,2,0,0,El Monte,Los Angeles,0.359,654
626th,Hayward Unified,K-12,23,5,7,1,Hayward,Alameda,0.356,665
627th,Jamestown Elementary,K-12,2,0,0,1,Jamestown,Tuolumne,0.356,563
628th,Reeds Creek Elementary,K-8,1,0,0,0,Red Bluff,Tehama,0.356,550
629th,Turlock Unified,K-12,9,2,4,1,Turlock,Stanislaus,0.356,588
630th,Piner-Olivet Union Elementary,K-12,3,1,1,0,Santa Rosa,Sonoma,0.355,624
631st,Modoc Joint Unified,K-12,2,1,2,1,Alturas,Modoc,0.355,508
632nd,New Jerusalem Elementary,K-12,5,1,0,8,Tracy,San Joaquin,0.354,759
633rd,Brawley Elementary,K-8,4,1,0,0,Brawley,Imperial,0.353,749
634th,Ceres Unified,K-12,15,3,4,3,Ceres,Stanislaus,0.351,603
635th,Monson-Sultana Joint Union Elementary,K-8,1,0,0,0,Dinuba,Tulare,0.351,691
636th,Weaver Union,K-8,2,1,0,0,Merced,Merced,0.35,668
637th,Palo Verde Union Elementary,K-8,1,0,0,0,Tulare,Tulare,0.349,500
638th,Sonoma Valley Unified,K-12,7,2,2,0,Sonoma,Sonoma,0.349,555
639th,Oakland Unified,K-12,73,17,22,13,Oakland,Alameda,0.349,678
640th,Rim Of The World Unified,K-12,4,1,2,0,Lake Arrowhead,San Bernardino,0.349,604
641st,Luther Burbank,K-8,1,0,0,0,San Jose,Santa Clara,0.348,552
642nd,Belleview Elementary,K-8,1,0,0,0,Sonora,Tuolumne,0.347,475
643rd,Jurupa Unified,K-12,16,3,6,0,Riverside,Riverside,0.346,660
644th,Baldwin Park Unified,K-12,13,4,4,1,Baldwin Park,Los Angeles,0.345,649
645th,Maple Elementary,K-8,1,0,0,0,Shafter,Kern,0.344,864
646th,Johnstonville Elementary,K-8,1,0,0,0,Susanville,Lassen,0.343,483
647th,San Lorenzo Unified,K-12,9,4,5,0,San Lorenzo,Alameda,0.342,644
648th,Selma Unified,K-12,8,1,3,0,Selma,Fresno,0.341,666
649th,Woodlake Unified,K-12,2,1,3,0,Woodlake,Tulare,0.341,687
650th,Colton Joint Unified,K-12,18,4,4,1,Colton,San Bernardino,0.34,672
651st,Cutler-Orosi Joint Unified,K-12,3,1,3,1,Orosi,Tulare,0.339,709
652nd,Porterville Unified,K-12,10,3,8,1,Porterville,Tulare,0.339,684
653rd,Los Banos Unified,K-12,9,2,3,1,Los Banos,Merced,0.339,711
654th,Edison Elementary,K-8,1,1,0,0,Bakersfield,Kern,0.337,682
655th,Rockford Elementary,K-8,1,0,0,0,Porterville,Tulare,0.336,607
656th,El Nido Elementary,K-8,1,0,0,0,El Nido,Merced,0.336,722
657th,Dinuba Unified,K-12,6,1,2,1,Dinuba,Tulare,0.335,694
658th,Pond Union Elementary,K-8,1,0,0,0,Wasco,Kern,0.334,281
659th,Tipton Elementary,K-8,1,0,0,0,Tipton,Tulare,0.333,633
660th,San Diego County Office Of Education,K-12,1,0,1,6,San Diego,San Diego,0.331,705
661st,San Ysidro Elementary,K-8,6,1,0,0,San Ysidro,San Diego,0.33,626
662nd,Le Grand Union High,9-12,0,0,2,0,Le Grand,Merced,0.329,495
663rd,Livingston Union,K-8,3,1,0,0,Livingston,Merced,0.327,698
664th,Calaveras Unified,K-12,6,1,2,1,San Andreas,Calaveras,0.327,575
665th,Los Angeles County Office Of Education,K-12,4,3,26,7,Downey,Los Angeles,0.326,733
666th,Bakersfield City,K-8,34,9,0,0,Bakersfield,Kern,0.326,742
667th,Borrego Springs Unified,K-12,1,1,3,1,Borrego Springs,San Diego,0.323,490
668th,Mendota Unified,K-12,3,1,3,0,Mendota,Fresno,0.322,754
669th,Los Molinos Unified,K-12,2,0,1,1,Los Molinos,Tehama,0.321,382
670th,Burton Elementary,K-12,5,1,0,2,Porterville,Tulare,0.32,670
671st,Cucamonga Elementary,K-8,3,1,0,0,Rancho Cucamonga,San Bernardino,0.318,648
672nd,South Monterey County Joint Union High,9-12,0,0,4,0,King City,Monterey,0.318,663
673rd,Patterson Joint Unified,K-12,5,1,2,1,Patterson,Stanislaus,0.317,696
674th,Kelseyville Unified,K-12,2,2,3,0,Kelseyville,Lake,0.315,755
675th,Arena Union Elementary,K-12,1,0,0,1,Point Arena,Mendocino,0.315,498
676th,Santa Paula Unified,K-12,6,1,2,0,Santa Paula,Ventura,0.313,726
677th,Riverbank Unified,K-12,3,1,2,0,Riverbank,Stanislaus,0.312,723
678th,Santa Rosa Elementary,K-8,14,0,0,0,Santa Rosa,Sonoma,0.311,585
679th,Auburn Union Elementary,K-8,4,1,0,0,Auburn,Placer,0.31,516
680th,Trona Joint Unified,K-12,1,0,1,1,Trona,San Bernardino,0.309,719
681st,Washington Colony Elementary,K-8,1,0,0,0,Fresno,Fresno,0.309,680
682nd,Antioch Unified,K-12,16,4,6,1,Antioch,Contra Costa,0.309,661
683rd,Merced City Elementary,K-8,15,4,0,0,Merced,Merced,0.309,701
684th,Victor Elementary,K-6,17,0,0,0,Victorville,San Bernardino,0.306,677
685th,Santa Ana Unified,K-12,39,9,12,0,Santa Ana,Orange,0.305,688
686th,Cuyama Joint Unified,K-12,1,0,2,1,New Cuyama,Santa Barbara,0.305,810
687th,Delhi Unified,K-12,3,1,3,0,Delhi,Merced,0.304,650
688th,Taft Union High,9-12,0,0,2,0,Taft,Kern,0.304,718
689th,Fresno Unified,K-12,71,15,17,3,Fresno,Fresno,0.304,736
690th,Dunsmuir Joint Union High,9-12,0,0,2,0,Dunsmuir,Siskiyou,0.303,569
691st,Pajaro Valley Unified,K-12,19,6,6,2,Watsonville,Santa Cruz,0.303,683
692nd,Delano Union Elementary,K-8,9,3,0,0,Delano,Kern,0.303,710
693rd,Centinela Valley Union High,9-12,0,0,8,0,Lawndale,Los Angeles,0.303,747
694th,Compton Unified,K-12,24,10,6,1,Compton,Los Angeles,0.302,706
695th,Loleta Union Elementary,K-12,1,0,0,1,Loleta,Humboldt,0.301,825
696th,Big Valley Joint Unified,K-12,1,0,1,0,Bieber,Lassen,0.301,795
697th,Del Norte County Unified,K-12,8,1,2,0,Crescent City,Del Norte,0.301,685
698th,Madera Unified,K-12,20,3,5,1,Madera,Madera,0.298,731
699th,Oroville City Elementary,K-8,7,1,0,0,Oroville,Butte,0.297,753
700th,Rio Elementary,K-8,6,2,0,0,Oxnard,Ventura,0.296,716
701st,Eureka City Schools,K-12,4,2,2,0,Eureka,Humboldt,0.296,652
702nd,South Whittier Elementary,K-8,6,1,0,0,Whittier,Los Angeles,0.295,735
703rd,Robla Elementary,K-12,5,0,0,1,Sacramento,Sacramento,0.294,676
704th,Burrel Union Elementary,K-8,1,0,0,0,Riverdale,Fresno,0.294,816
705th,Hesperia Unified,K-12,17,3,9,1,Hesperia,San Bernardino,0.294,721
706th,Alpaugh Unified,K-12,1,0,2,1,Alpaugh,Tulare,0.294,712
707th,Kit Carson Union Elementary,K-12,2,0,0,1,Hanford,Kings,0.293,714
708th,Monroe Elementary,K-8,1,0,0,0,Fresno,Fresno,0.292,525
709th,Alameda County Office Of Education,K-12,5,1,1,2,Hayward,Alameda,0.288,746
710th,Twin Rivers Unified,K-12,31,6,10,7,McClellan,Sacramento,0.288,715
711th,Corning Union Elementary,K-8,5,1,0,0,Corning,Tehama,0.287,798
712th,Lynwood Unified,K-12,12,3,5,0,Lynwood,Los Angeles,0.286,739
713th,Montebello Unified,K-12,18,6,6,0,Montebello,Los Angeles,0.284,729
714th,San Bernardino City Unified,K-12,60,10,13,5,San Bernardino,San Bernardino,0.283,744
715th,Lakeside Union Elementary,K-8,1,0,0,0,Hanford,Kings,0.283,690
716th,Inglewood Unified,K-12,16,5,5,0,Inglewood,Los Angeles,0.282,699
717th,Potter Valley Community Unified,K-12,1,1,2,0,Potter Valley,Mendocino,0.282,673
718th,Valley Center-Pauma Unified,K-12,4,1,2,1,Valley Center,San Diego,0.28,697
719th,Tuolumne County Superintendent Of Schools,K-12,1,0,0,3,Sonora,Tuolumne,0.275,
720th,Kern County Office Of Education,K-12,1,0,0,5,Bakersfield,Kern,0.272,745
721st,Fontana Unified,K-12,30,7,7,0,Fontana,San Bernardino,0.272,702
722nd,South Fork Union,K-8,1,0,0,0,Weldon,Kern,0.272,833
723rd,Stanislaus County Office Of Education,K-12,1,0,4,3,Modesto,Stanislaus,0.271,783
724th,Thermalito Union Elementary,K-8,5,1,0,0,Oroville,Butte,0.271,752
725th,San Antonio Union Elementary,K-8,1,0,0,0,Lockwood,Monterey,0.27,466
726th,State Board Of Education - Ridgecrest Charter,K-8,1,0,0,0,Ridgecrest,Kern,0.27,412
728th,Santa Rita Union Elementary,K-8,4,2,0,0,Salinas,Monterey,0.267,743
729th,Perris Elementary,K-8,8,0,0,0,Perris,Riverside,0.266,725
730th,Washington Unified,K-12,2,1,4,1,Fresno,Fresno,0.266,790
731st,Barstow Unified,K-12,7,2,3,0,Barstow,San Bernardino,0.266,770
732nd,Strathmore Union Elementary,K-8,2,0,0,0,Strathmore,Tulare,0.264,801
733rd,Laton Joint Unified,K-12,1,1,1,0,Laton,Fresno,0.261,720
734th,Needles Unified,K-12,2,1,2,1,Needles,San Bernardino,0.26,695
735th,Bayshore Elementary,K-8,1,1,0,0,Daly City,San Mateo,0.259,651
736th,Pine Ridge Elementary,K-8,1,0,0,0,Auberry,Fresno,0.259,204
737th,Gustine Unified,K-12,2,1,2,0,Gustine,Merced,0.257,730
738th,Kernville Union Elementary,K-8,2,2,0,0,Lake Isabella,Kern,0.257,601
739th,Pittsburg Unified,K-12,8,3,2,0,Pittsburg,Contra Costa,0.256,674
740th,Orland Joint Unified,K-12,2,1,3,0,Orland,Glenn,0.256,727
741st,Blue Lake Union Elementary,K-8,1,0,0,0,Blue Lake,Humboldt,0.255,546
742nd,Chowchilla Union High,9-12,0,0,2,0,Chowchilla,Madera,0.255,461
743rd,Tulare City,K-8,12,5,0,0,Tulare,Tulare,0.253,703
744th,Montague Elementary,K-8,1,0,0,0,Montague,Siskiyou,0.253,617
745th,Vallejo City Unified,K-12,17,4,5,0,Vallejo,Solano,0.253,741
746th,Richland Union Elementary,K-8,3,1,0,0,Shafter,Kern,0.251,786
747th,Lindsay Unified,K-12,6,0,3,1,Lindsay,Tulare,0.251,757
748th,Rialto Unified,K-12,19,5,5,0,Rialto,San Bernardino,0.25,713
749th,Keppel Union Elementary,K-8,6,1,0,0,Pearblossom,Los Angeles,0.247,750
750th,Beardsley Elementary,K-8,3,1,0,0,Bakersfield,Kern,0.246,700
751st,Willows Unified,K-12,1,1,2,0,Willows,Glenn,0.244,732
752nd,Moreno Valley Unified,K-12,23,6,8,2,Moreno Valley,Riverside,0.239,773
753rd,Hilmar Unified,K-12,2,1,3,0,Hilmar,Merced,0.238,748
754th,Modesto City Elementary,K-8,22,4,0,0,Modesto,Stanislaus,0.236,766
755th,Pacific Union Elementary,K-8,1,0,0,0,Fresno,Fresno,0.236,769
756th,Soledad Unified,K-12,5,1,2,0,Soledad,Monterey,0.234,738
757th,Orange Center,K-12,2,0,0,1,Fresno,Fresno,0.232,787
758th,Point Arena Joint Union High,9-12,0,0,2,0,Point Arena,Mendocino,0.229,657
759th,Lamont Elementary,K-8,3,1,0,0,Lamont,Kern,0.228,794
760th,Elk Hills Elementary,K-8,1,0,0,0,Tupman,Kern,0.228,839
761st,State Board Of Education - Barack Obama Charter,K-5,1,0,0,0,Los Angeles,Los Angeles,0.228,834
762nd,Armona Union Elementary,K-12,1,1,0,2,Armona,Kings,0.226,765
763rd,Maricopa Unified,K-12,3,1,2,1,Maricopa,Kern,0.225,778
764th,Weed Union Elementary,K-8,1,0,0,0,Weed,Siskiyou,0.225,832
765th,Esparto Unified,K-12,1,1,2,0,Esparto,Yolo,0.224,717
766th,Ducor Union Elementary,K-8,1,0,0,0,Ducor,Tulare,0.223,800
767th,Emery Unified,K-12,1,0,1,0,Emeryville,Alameda,0.223,728
768th,Stockton Unified,K-12,47,0,10,5,Stockton,San Joaquin,0.223,768
769th,North Monterey County Unified,K-12,4,1,2,1,Moss Landing,Monterey,0.223,751
770th,Dos Palos Oro Loma Joint Unified,K-12,2,1,3,0,Dos Palos,Merced,0.223,763
771st,Red Bluff Joint Union High,9-12,0,0,2,0,Red Bluff,Tehama,0.222,659
772nd,Alisal Union,K-6,13,0,0,0,Salinas,Monterey,0.221,815
773rd,Anaheim Elementary,K-6,25,0,0,0,Anaheim,Orange,0.221,760
774th,Amador County Office Of Education,K-12,0,1,0,2,Jackson,Amador,0.22,
775th,Le Grand Union Elementary,K-8,1,0,0,0,Le Grand,Merced,0.219,789
776th,Palmdale Elementary,K-12,23,4,0,3,Palmdale,Los Angeles,0.218,734
777th,Riverside County Office Of Education,K-12,1,0,5,3,Riverside,Riverside,0.217,776
778th,Westmorland Union Elementary,K-8,1,0,0,0,Westmorland,Imperial,0.216,841
779th,Arvin Union,K-8,3,1,0,0,Arvin,Kern,0.215,799
780th,Fillmore Unified,K-12,4,1,2,1,Fillmore,Ventura,0.215,780
781st,Hueneme Elementary,K-8,9,2,0,0,Port Hueneme,Ventura,0.214,762
782nd,Hope Elementary,K-8,1,0,0,0,Porterville,Tulare,0.214,807
783rd,McFarland Unified,K-12,3,1,3,0,Mc Farland,Kern,0.213,779
784th,Palo Verde Unified,K-12,3,1,2,0,Blythe,Riverside,0.211,797
785th,Oro Grande Elementary,K-12,1,0,0,2,Oro Grande,San Bernardino,0.209,771
786th,New Hope Elementary,K-8,1,0,0,0,Thornton,San Joaquin,0.207,737
787th,Biggs Unified,K-12,2,0,2,0,Biggs,Butte,0.205,767
788th,King City Union,K-8,3,2,0,0,King City,Monterey,0.203,784
789th,Gonzales Unified,K-12,1,1,2,0,Gonzales,Monterey,0.202,775
790th,Mendocino County Office Of Education,K-12,0,0,1,2,Ukiah,Mendocino,0.201,740
791st,Golden Plains Unified,K-12,4,0,2,0,San Joaquin,Fresno,0.201,777
792nd,Corning Union High,9-12,0,0,2,0,Corning,Tehama,0.199,724
793rd,Elverta Joint Elementary,K-12,1,1,0,1,Elverta,Sacramento,0.198,772
794th,Di Giorgio Elementary,K-8,1,0,0,0,Arvin,Kern,0.196,852
795th,Southern Kern Unified,K-12,2,1,2,1,Rosamond,Kern,0.195,774
796th,Santa Maria-Bonita,K-8,16,4,0,0,Santa Maria,Santa Barbara,0.194,796
797th,Wilsona Elementary,K-8,2,1,0,0,Palmdale,Los Angeles,0.191,804
798th,Salinas City Elementary,K-6,14,0,0,0,Salinas,Monterey,0.187,828
799th,Banning Unified,K-12,5,1,2,1,Banning,Riverside,0.181,785
800th,San Joaquin County Office Of Education,K-12,1,0,1,5,Stockton,San Joaquin,0.179,
801st,Calexico Unified,K-12,7,2,2,0,Calexico,Imperial,0.179,811
802nd,Happy Camp Union Elementary,K-8,1,0,0,0,Happy Camp,Siskiyou,0.174,805
803rd,Wasco Union Elementary,K-8,4,1,0,0,Wasco,Kern,0.173,803
804th,Parlier Unified,K-12,4,1,2,0,Parlier,Fresno,0.172,824
805th,Coachella Valley Unified,K-12,14,3,5,0,Thermal,Riverside,0.172,802
806th,West Park Elementary,K-12,1,0,0,1,Fresno,Fresno,0.17,781
807th,Fairfax Elementary,K-8,3,1,0,0,Bakersfield,Kern,0.169,840
809th,Lancaster Elementary,K-8,18,5,0,0,Lancaster,Los Angeles,0.162,761
810th,Earlimart Elementary,K-8,3,1,0,0,Earlimart,Tulare,0.161,847
811th,San Pasqual Valley Unified,K-12,1,1,3,0,Winterhaven,Imperial,0.157,838
812th,Coalinga-Huron Unified,K-12,5,2,4,0,Coalinga,Fresno,0.151,823
813th,Traver Joint Elementary,K-8,1,0,0,0,Traver,Tulare,0.148,792
814th,Standard Elementary,K-8,3,1,0,0,Bakersfield,Kern,0.148,812
815th,Greenfield Union Elementary,K-8,3,1,0,0,Greenfield,Monterey,0.146,826
816th,Mojave Unified,K-12,3,1,2,0,Mojave,Kern,0.142,813
817th,Big Pine Unified,K-12,1,0,1,0,Big Pine,Inyo,0.14,806
818th,San Luis Obispo County Office Of Education,K-12,0,0,1,3,San Luis Obispo,San Luis Obispo,0.137,793
819th,Adelanto Elementary,K-12,11,3,0,2,Adelanto,San Bernardino,0.135,809
820th,Fresno County Office Of Education,K-12,1,0,2,5,Fresno,Fresno,0.133,829
821st,Konocti Unified,K-12,5,0,2,3,Lower Lake,Lake,0.127,844
822nd,Reef-Sunset Unified,K-12,4,1,4,0,Avenal,Kings,0.126,808
823rd,Planada Elementary,K-8,1,1,0,0,Planada,Merced,0.12,820
824th,Lucerne Elementary,K-8,1,0,0,0,Lucerne,Lake,0.116,842
825th,Westside Elementary,K-12,1,0,1,2,Five Points,Fresno,0.114,835
826th,Eastside Union Elementary,K-8,5,1,0,0,Lancaster,Los Angeles,0.113,821
827th,Woodville Union Elementary,K-8,1,0,0,0,Porterville,Tulare,0.113,846
828th,Gerber Union Elementary,K-8,1,0,0,0,Gerber,Tehama,0.113,782
829th,Raisin City Elementary,K-12,1,0,0,1,Raisin City,Fresno,0.112,849
830th,Oxnard,K-8,17,3,0,0,Oxnard,Ventura,0.108,831
831st,Solano County Office Of Education,K-12,0,0,3,1,Fairfield,Solano,0.107,837
832nd,Ocean View,K-8,3,1,0,0,Oxnard,Ventura,0.103,819
833rd,Alpine County Unified,K-12,1,0,1,0,Markleeville,Alpine,0.103,
834th,Buttonwillow Union Elementary,K-8,1,0,0,0,Buttonwillow,Kern,0.1,853
835th,Ravenswood City Elementary,K-12,6,2,0,1,East Palo Alto,Santa Clara,0.099,817
836th,Rio Dell Elementary,K-8,1,1,0,0,Rio Dell,Humboldt,0.098,791
837th,Madera County Office Of Education,K-12,0,0,2,3,Madera,Madera,0.088,
838th,Stone Corral Elementary,K-12,1,0,0,1,Visalia,Tulare,0.085,856
839th,Outside Creek Elementary,K-8,1,0,0,0,Visalia,Tulare,0.084,830
840th,Inyo County Office Of Education,K-12,0,0,3,1,Independence,Inyo,0.08,
841st,Sutter County Office Of Education,K-12,0,0,1,1,Yuba City,Sutter,0.079,850
842nd,Terra Bella Union Elementary,K-8,1,1,0,0,Terra Bella,Tulare,0.076,862
843rd,Pixley Union Elementary,K-8,1,1,0,0,Pixley,Tulare,0.071,859
844th,Semitropic Elementary,K-8,1,0,0,0,Wasco,Kern,0.07,855
845th,California Education Authority (Cea) Headquarters,8-12,0,0,4,0,Elk Grove,Sacramento,0.066,851
846th,Santa Barbara County Office Of Education,K-12,0,0,2,1,Santa Barbara,Santa Barbara,0.064,
847th,Sunnyside Union Elementary,K-8,1,0,0,0,Strathmore,Tulare,0.064,858
848th,Lost Hills Union Elementary,K-8,1,1,0,0,Lost Hills,Kern,0.049,857
849th,Guadalupe Union Elementary,K-8,1,1,0,0,Guadalupe,Santa Barbara,0.032,854
850th,Richgrove Elementary,K-8,1,0,0,0,Richgrove,Tulare,0.028,860
851st,Vineland Elementary,K-8,1,1,0,0,Bakersfield,Kern,0.023,845
852nd,Alta Vista Elementary,K-8,1,0,0,0,Porterville,Tulare,0.022,863
853rd,Baker Valley Unified,K-12,1,1,1,0,Baker,San Bernardino,0.015,764
,Lewiston Elementary,K-8,1,0,0,0,Lewiston,Trinity,,
,Taft City,K-8,5,1,0,0,Taft,Kern,,
,Napa County Office Of Education,K-12,2,0,2,0,Napa,Napa,,
,Mariposa County Office Of Education,K-12,1,0,0,2,Mariposa,Mariposa,,
,Bridgeville Elementary,K-8,1,0,0,0,Bridgeville,Humboldt,,
,Bangor Union Elementary,K-8,1,0,0,0,Bangor,Butte,,
,Linns Valley-Poso Flat Union,K-8,1,0,0,0,Glennville,Kern,,
,Baldy View Regional Occupational Program,9-12,0,0,1,0,Ontario,San Bernardino,,
,Santa Clara County Regional Occupational Program,10-12,0,0,1,0,Sunnyvale,Santa Clara,,
,Glenn County Regional Occupational Program,9-12,0,0,1,0,Willows,Glenn,,
,Lincoln Elementary,K-6,1,0,0,0,Petaluma,Sonoma,,
,Kings County Regional Occupational Program,10-12,0,0,1,0,Lemoore,Kings,,
,Bradley Union Elementary,K-12,1,0,0,1,Bradley,Monterey,,
,Tehama County Regional Occupational Program,10-12,0,0,1,0,Red Bluff,Tehama,,
,Santa Cruz County Regional Occupational Program,10-12,0,0,1,0,Santa Cruz,Santa Cruz,,
,Ravendale-Termo Elementary,K-12,1,0,0,2,Ravendale,Lassen,,
,Flournoy Union Elementary,K-8,1,0,0,0,Flournoy,Tehama,,
,Mattole Unified,K-12,2,0,1,1,Petrolia,Humboldt,,
,San Mateo County Office Of Education,K-12,0,0,4,2,Redwood City,San Mateo,,
,McCloud Union Elementary,K-8,1,0,0,0,McCloud,Siskiyou,,
,San Lucas Union Elementary,K-8,1,0,0,0,San Lucas,Monterey,,
,Chowchilla Elementary,K-8,3,2,0,0,Chowchilla,Madera,,
,Bolinas-Stinson Union,K-8,1,0,0,0,Bolinas,Marin,,
,Pope Valley Union Elementary,K-8,1,0,0,0,Pope Valley,Napa,,
,Long Beach Unified Regional Occupational Program,10-12,0,0,1,0,Long Beach,Los Angeles,,
,Kings County Office Of Education,K-12,0,0,2,1,Hanford,Kings,,
,Blake Elementary,K-8,1,0,0,0,Woody,Kern,,
,McKittrick Elementary,K-8,1,0,0,0,Mc Kittrick,Kern,,
,Laytonville Unified,K-12,3,0,2,0,Laytonville,Mendocino,,
,Elkins Elementary,K-8,1,0,0,0,Paskenta,Tehama,,
,Bitterwater-Tully Elementary,K-8,1,0,0,0,King City,Monterey,,
,Plumas County Regional Occupational Program,11-12,0,0,1,0,Quincy,Plumas,,
,San Joaquin County Regional Occupational Program,10-12,0,0,1,0,Stockton,San Joaquin,,
,Plumas County Office Of Education,K-12,1,0,1,1,Quincy,Plumas,,
,Fort Bragg Unified,K-12,3,1,3,1,Fort Bragg,Mendocino,,
,Pleasant View Elementary,K-8,2,0,0,0,Porterville,Tulare,,
,Los Angeles County Regional Occupational Program,9-12,0,0,1,0,Downey,Los Angeles,,
,Kern High Regional Occupational Center,9-12,0,0,1,0,Bakersfield,Kern,,
,Big Sur Unified,K-12,0,0,0,2,Big Sur,Monterey,,
,Tri-Cities Regional Occupational Program,9-12,0,0,1,0,Whittier,Los Angeles,,
,Fort Ross Elementary,K-8,1,0,0,0,Cazadero,Sonoma,,
,Tri-County Regional Occupational Program,9-12,0,0,1,0,Yuba City,Sutter,,
,Shasta County Office Of Education,K-12,2,0,3,1,Redding,Shasta,,
,Pleasant Valley Joint Union Elementary,K-8,1,0,0,0,San Miguel,San Luis Obispo,,
,Big Oak Flat-Groveland Unified,K-12,1,0,3,0,Groveland,Tuolumne,,
,Trinity Alps Unified,K-12,3,0,2,0,Weaverville,Trinity,,
,Fort Sage Unified,K-12,1,1,1,1,Herlong,Lassen,,
,Trinity Center Elementary,K-8,1,0,0,0,Trinity Center,Trinity,,
,Sierra County Office Of Education,K-12,0,0,0,1,Loyalton,Sierra,,
,Trinity County Office Of Education,K-12,0,0,1,4,Weaverville,Trinity,,
,Ca Advancing Pathways For Students In Los Angeles County Re,10-12,0,0,1,0,Bellflower,Los Angeles,,
,Tri-Valley Regional Occupational Program,9-12,0,0,1,0,Livermore,Alameda,,
,Silver Fork Elementary,K-8,1,0,0,0,Pollock Pines,El Dorado,,
,Cienega Union Elementary,K-8,1,0,0,0,Hollister,San Benito,,
,Big Creek Elementary,K-8,1,0,0,0,Big Creek,Fresno,,
,Mendocino County Regional Occupational Center/Regional Occu,9-12,0,0,1,0,Ukiah,Mendocino,,
,Siskiyou Regional Occupational Program,9-12,0,0,1,0,Yreka,Siskiyou,,
,Kern County Regional Occupational Program,9-12,0,0,1,0,Bakersfield,Kern,,
,Fowler Unified,K-12,4,1,4,0,Fowler,Fresno,,
,Mendocino Unified,K-12,3,0,2,1,Mendocino,Mendocino,,
,Solana Beach Elementary,K-6,7,0,0,0,Solana Beach,San Diego,,
,Coastline Regional Occupational Program,9-12,0,0,1,0,Costa Mesa,Orange,,
,Calaveras County Office Of Education,K-12,0,0,0,4,Angels Camp,Calaveras,,
,Placer Hills Union Elementary,K-8,2,0,0,0,Meadow Vista,Placer,,
,San Bernardino County Regional Occupational Program,9-12,0,0,1,0,San Bernardino,San Bernardino,,
,Placer County Office Of Education,K-12,0,0,0,6,Auburn,Placer,,
,Sonoma County Regional Occupational Program,10-12,0,0,1,0,Santa Rosa,Sonoma,,
,Coffee Creek Elementary,K-8,1,0,0,0,Trinity Center,Trinity,,
,San Benito County Office Of Education,K-12,0,0,1,2,Hollister,San Benito,,
,Pioneer Union Elementary,K-8,1,0,0,0,Berry Creek,Butte,,
,San Antonio Regional Occupational Program,K-12,0,0,0,1,Pomona,Los Angeles,,
,College And Career Advantage,8-12,0,0,1,0,San Juan Capistrano,Orange,,
,Lake County Office Of Education,K-12,0,0,1,2,Lakeport,Lake,,
,Twin Ridges Elementary,K-8,2,0,0,0,Nevada City,Nevada,,
,Caliente Union Elementary,K-8,1,0,0,0,Caliente,Kern,,
,Colton-Redlands-Yucaipa Regional Occupational Program,9-12,0,0,1,0,Redlands,San Bernardino,,
,Lagunitas Elementary,K-8,2,0,0,0,San Geronimo,Marin,,
,Merced County Office Of Education,K-12,0,0,0,7,Merced,Merced,,
,Sacramento County Office Of Education,K-12,1,0,5,3,Mather,Sacramento,,
,Merced County Regional Occupational Program,11-12,0,0,1,0,Merced,Merced,,
,Southern California Regional Occupational Center,10-12,0,0,1,0,Torrance,Los Angeles,,
,Meridian Elementary,K-12,2,0,1,1,Meridian,Sutter,,
,Evergreen Union,K-12,3,2,0,1,Cottonwood,Shasta,,
,Kashia Elementary,K-8,1,0,0,0,Stewarts Point,Sonoma,,
,Round Valley Unified,K-12,2,0,2,0,Covelo,Mendocino,,
,Union Joint Elementary,K-6,1,0,0,0,Petaluma,Sonoma,,
,La Puente Valley Regional Occupational Program,9-12,0,0,1,0,La Puente,Los Angeles,,
,Peninsula Union,K-8,1,0,0,0,Samoa,Humboldt,,
,California School For The Deaf-Fremont (State Special Schl),K-12,0,0,0,1,Fremont,Alameda,,
,Upper Lake Unified,K-12,1,1,3,0,Upper Lake,Lake,,
,Eureka Union,K-8,5,2,0,0,Granite Bay,Placer,,
,Junction Elementary,K-8,1,0,0,0,Somes Bar,Siskiyou,,
,State Board Of Education - Anahuacalmecac International Uni,K-12,0,0,0,1,Los Angeles,Los Angeles,,
,Junction City Elementary,K-8,1,0,0,0,Junction City,Trinity,,
,Camptonville Elementary,K-12,1,0,0,1,Camptonville,Yuba,,
,Antelope Valley Regional Occupational Program,9-12,0,0,1,0,Palmdale,Los Angeles,,
,State Board Of Education - Lifeline Education Charter,K-12,0,0,0,1,Compton,Los Angeles,,
,Antelope Elementary,K-8,4,2,0,0,Red Bluff,Tehama,,
,State Board Of Education - New West Charter,6-12,0,0,0,1,West Los Angeles,Los Angeles,,
,Metro Education,11-12,0,0,1,0,San Jose,Santa Clara,,
,State Board Of Education - Onepurpose,K-5,1,0,0,0,San Francisco,San Francisco,,
,Eden Area Regional Occupational Program,10-12,0,0,1,0,Hayward,Alameda,,
,State Board Of Education - Prepa Tec Los Angeles High,9-12,0,0,1,0,Huntington Park,Los Angeles,,
,Mission Trails Regional Occupational Program,9-12,0,0,1,0,Salinas,Monterey,,
,State Board Of Education - Rocketship Futuro Academy,K-5,1,0,0,0,Concord,Contra Costa,,
,Graves Elementary,K-8,1,0,0,0,Salinas,Monterey,,
,State Board Of Education - The School Of Arts And Enterprise,6-12,0,0,0,1,Pomona,Los Angeles,,
,Valley Regional Occupational Program,9-12,0,0,1,0,Sanger,Fresno,,
,State Board Of Education - Wei Yu International Charter,K-8,0,0,0,0,San Jose,Santa Clara,,
,Green Point Elementary,K-8,1,0,0,0,Blue Lake,Humboldt,,
,Cascade Union Elementary,K-8,3,1,0,0,Anderson,Shasta,,
,Ventura County Regional Occupational Program,10-12,0,0,1,0,Camarillo,Ventura,,
,Manchester Union Elementary,K-8,1,0,0,0,Manchester,Mendocino,,
,Jefferson Elementary,K-8,1,0,0,0,Paicines,San Benito,,
,Kneeland Elementary,K-8,1,0,0,0,Kneeland,Humboldt,,
,Panoche Elementary,K-8,1,0,0,0,Paicines,San Benito,,
,Klamath-Trinity Joint Unified,K-12,5,0,2,0,Hoopa,Humboldt,,
,Jamul-Dulzura Union Elementary,K-12,2,1,0,1,Jamul,San Diego,,
,Central Orange County Cte Partnership (Ctep),10-12,0,0,1,0,Santa Ana,Orange,,
,Mission Valley Regional Occupational Center/Program,9-12,0,0,1,0,Fremont,Alameda,,
,Surprise Valley Joint Unified,K-12,1,0,1,0,Cedarville,Modoc,,
,Colusa County Office Of Education,7-12,0,0,1,0,Colusa,Colusa,,
,Marin County Office Of Education,K-12,0,0,2,2,San Rafael,Marin,,
,Modoc County Office Of Education,K-12,0,0,0,2,Alturas,Modoc,,
,Glenn County Office Of Education,K-12,1,0,3,2,Willows,Glenn,,
,Palermo Union Elementary,K-8,4,2,0,0,Palermo,Butte,,
,Santa Barbara County Regional Occupational Program,9-12,0,0,1,0,Santa Barbara,Santa Barbara,,
,Compton Unified Regional Occupational Program,9-12,0,0,1,0,Compton,Los Angeles,,
,Santa Clara Elementary,K-6,1,0,0,0,Santa Paula,Ventura,,
,Amador County Regional Occupational Program,12,0,0,1,0,Jackson,Amador,,
,Napa County Regional Occupational Program,10-12,0,0,1,0,Napa,Napa,,
,Warner Unified,K-12,2,0,2,2,Warner Springs,San Diego,,
,San Mateo County Regional Occupational Program,11-12,0,0,1,0,Redwood City,San Mateo,,
,Contra Costa County Office Of Education,K-12,1,0,3,8,Pleasant Hill,Contra Costa,,
,Butte County Regional Occupational Program,9-12,0,0,1,0,Chico,Butte,,
,Contra Costa County Regional Occupational Program,9-12,0,0,1,0,Pleasant Hill,Contra Costa,,
,Saucelito Elementary,K-8,1,0,0,0,Terra Bella,Tulare,,
,Modoc County Regional Occupational Program,9-12,0,0,1,0,Alturas,Modoc,,
,Forks Of Salmon Elementary,K-8,1,0,0,0,Forks Of Salmon,Siskiyou,,
,Indian Springs Elementary,K-8,1,0,0,0,Big Bend,Shasta,,
,Butte Valley Unified,K-12,2,0,2,0,Dorris,Siskiyou,,
,Owens Valley Unified,K-12,1,0,1,0,Independence,Inyo,,
,San Francisco County Regional Occupational Program,10-12,0,0,1,0,San Francisco,San Francisco,,
,Washington Union Elementary,K-8,2,1,0,0,Salinas,Monterey,,
,Lassen Regional Occupational Program,11-12,0,0,1,0,Susanville,Lassen,,
,Indian Diggings Elementary,K-8,1,0,0,0,Somerset,El Dorado,,
,Shasta-Trinity Regional Occupational Program,10-12,0,0,1,0,Redding,Shasta,,
,Corcoran Joint Unified,K-12,3,1,2,2,Corcoran,Kings,,
,Forty-Niner Regional Occupational Program,10-12,0,0,1,0,Auburn,Placer,,
,Imperial Valley Regional Occupational Program,9-12,0,0,1,0,El Centro,Imperial,,
,Los Angeles Unified Regional Occupational Center Program,,0,0,0,0,Los Angeles,Los Angeles,,
,Orick Elementary,K-8,1,0,0,0,Orick,Humboldt,,
,Bennett Valley Union Elementary,K-6,2,0,0,0,Santa Rosa,Sonoma,,
,Mono County Office Of Education,K-12,0,0,4,1,Bridgeport,Mono,,
,San Diego County Regional Occupational Program,9-12,0,0,1,0,San Diego,San Diego,,
,Mono County Regional Occupational Center/Program,9-12,0,0,1,0,Bridgeport,Mono,,
,Sonoma County Office Of Education,K-12,0,0,0,3,Santa Rosa,Sonoma,,
,Imperial County Office Of Education,K-12,0,0,1,3,El Centro,Imperial,,
,San Ardo Union Elementary,K-8,1,0,0,0,San Ardo,Monterey,,
,Eastern Sierra Unified,K-12,4,0,2,0,Bridgeport,Mono,,
,South Bay Union Elementary,K-12,3,0,0,1,Eureka,Humboldt,,
,West Side Regional Occupational Program,9-12,0,0,1,0,Taft,Kern,,
,Laguna Joint Elementary,K-6,1,0,0,0,Petaluma,Sonoma,,
,Igo Ono Platina Union Elementary,K-8,2,0,0,0,Igo,Shasta,,
,Gazelle Union Elementary,K-8,1,0,0,0,Gazelle,Siskiyou,,
,Montgomery Elementary,K-8,1,0,0,0,Cazadero,Sonoma,,
,Spencer Valley Elementary,K-12,1,0,0,2,Santa Ysabel,San Diego,,
,Oak Run Elementary,K-8,1,0,0,0,Oak Run,Shasta,,
,California School For The Deaf-Riverside (State Special Sch,K-12,0,0,0,1,Riverside,Riverside,,
,East San Gabriel Valley Regional Occupational Program,9-12,0,0,1,0,West Covina,Los Angeles,,
,State Board Of Education - Audeo Charter II,K-12,0,0,0,1,Carlsbad,San Diego,,
,Death Valley Unified,K-12,2,0,2,0,Shoshone,Inyo,,
,State Board Of Education - Magnolia Science Academy Santa A,6-12,0,0,0,1,Santa Ana,Orange,,
,Del Norte County Office Of Education,K-12,1,0,2,2,Crescent City,Del Norte,,
,State Board Of Education - Paramount Collegiate Academy,6-12,0,0,0,1,Sacramento,Sacramento,,
,Humboldt County Regional Occupational Program,10-12,0,0,1,0,Eureka,Humboldt,,
,State Board Of Education - The New School Of San Francisco,K-5,1,0,0,0,San Francisco,San Francisco,,
,Westwood Unified,K-12,1,0,1,1,Westwood,Lassen,,
,Riverside County Office Of Education Regional Occupational,9-12,0,0,1,0,Riverside,Riverside,,
,Alpine County Office Of Education,1-12,0,0,0,1,Markleeville,Alpine,,
,Castle Rock Union Elementary,K-8,1,0,0,0,Castella,Shasta,,
,North Orange County Regional Occupational Program-Adult,9-12,0,0,1,0,Anaheim,Orange,,
,Maple Creek Elementary,K-8,1,0,0,0,Korbel,Humboldt,,
,Whitmore Union Elementary,K-12,1,0,0,2,Whitmore,Shasta,,
,Central Sierra Regional Occupational Program,10-12,0,0,1,0,Placerville,El Dorado,,
,Humboldt County Office Of Education,K-12,0,0,4,3,Eureka,Humboldt,,
,Kingsburg Elementary Charter,K-8,6,1,0,0,Kingsburg,Fresno,,
,Hughson Unified,K-12,2,1,3,0,Hughson,Stanislaus,,
,Little Shasta Elementary,K-6,1,0,0,0,Montague,Siskiyou,,
,William (R) Rouse Regional Occupational Program,10-12,0,0,1,0,Loyalton,Sierra,,
,Butte County Office Of Education,K-12,0,1,2,4,Oroville,Butte,,
,Allensworth Elementary,K-8,1,0,0,0,Earlimart,Tulare,,
,Feather Falls Union Elementary,K-12,1,0,0,1,Oroville,Butte,,
,Williams Unified,K-12,2,0,2,0,Williams,Colusa,,
,Seiad Elementary,K-8,1,0,0,0,Seiad Valley,Siskiyou,,
,North Kern Vocational Training Center,9-12,0,0,1,0,Wasco,Kern,,
,Lassen County Office Of Education,K-12,0,0,1,1,Susanville,Lassen,,
,Willow Creek Elementary,K-8,1,0,0,0,Montague,Siskiyou,,
,Sierra-Plumas Joint Unified,K-12,2,0,3,0,Loyalton,Sierra,,
,Willow Grove Union Elementary,K-8,1,0,0,0,Paicines,San Benito,,
,French Gulch-Whiskeytown Elementary,K-8,1,0,0,0,French Gulch,Shasta,,
,Del Norte County Regional Occupational Program,9-12,0,0,1,0,Crescent City,Del Norte,,
,San Bernardino County Office Of Education,K-12,1,0,0,6,San Bernardino,San Bernardino,,
,North County Regional Occupational Center/Program (Roc/P),9-12,0,0,1,0,Sunnyvale,Santa Clara,,
,Sacramento County Regional Occupational Program,9-12,0,0,1,0,Mather,Sacramento,,
,Nicasio,K-8,1,0,0,0,Nicasio,Marin,,
,Southern Trinity Joint Unified,K-12,2,0,2,0,Bridgeville,Humboldt,,
,Howell Mountain Elementary,K-8,1,0,0,0,Angwin,Napa,,
,State Board Of Education - Academia Avance Charter,6-12,0,0,0,1,Highland Park,Los Angeles,,
,Mountain House Elementary,K-8,1,0,0,0,Byron,Contra Costa,,
,State Board Of Education - Olive Grove Charter,K-12,0,0,0,1,New Cuyama,Santa Barbara,,
,Hot Springs Elementary,K-8,1,0,0,0,California Hot Springs,Tulare,,
,State Board Of Education - Thrive Public,K-12,0,0,0,1,San Diego,San Diego,,
,Hornbrook Elementary,K-8,1,0,0,0,Hornbrook,Siskiyou,,
,Summerville Union High,K-12,0,0,6,1,Tuolumne,Tuolumne,,
,Delphic Elementary,K-12,1,0,0,0,Montague,Siskiyou,,
,Marin County Regional Occupational Program,9-12,0,0,1,0,San Rafael,Marin,,
,Denair Unified,K-12,2,1,1,1,Denair,Stanislaus,,
,Leggett Valley Unified,K-12,2,0,2,0,Leggett,Mendocino,,
,Horicon Elementary,K-8,1,0,0,0,Annapolis,Sonoma,,
,Farmersville Unified,K-12,3,1,2,0,Farmersville,Tulare,,
,Mountain Union Elementary,K-8,1,0,0,0,Montgomery Creek,Shasta,,
,Big Lagoon Union Elementary,K-8,1,0,0,0,Trinidad,Humboldt,,
,Mountain Valley Unified,K-12,2,0,2,0,Hayfork,Trinity,,
,Belridge Elementary,K-8,1,0,0,0,Mc Kittrick,Kern,,
,Desert Center Unified,K-8,1,0,0,0,Desert Center,Riverside,,
,Southeast Regional Occupational Program,9-12,0,0,1,0,Cerritos,Los Angeles,,
,Yolo County Office Of Education,K-12,1,0,2,1,Woodland,Yolo,,
,State Board Of Education - Baypoint Preparatory Academy,K-12,0,0,0,1,Hemet,Riverside,,
,Yolo County Regional Occupational Program,9-12,0,0,1,0,Woodland,Yolo,,
,Stony Creek Joint Unified,K-12,1,1,2,0,Elk Creek,Glenn,,
,Yosemite Regional Occupational Program,11-12,0,0,1,0,Modesto,Stanislaus,,
,Bret Harte Union High,9-12,0,0,3,0,Angels Camp,Calaveras,,
,Mt. Baldy Joint Elementary,K-8,1,0,0,0,Mt Baldy,San Bernardino,,
,San Francisco County Office Of Education,K-12,0,0,0,4,San Francisco,San Francisco,,
,Lake County Regional Occupational Program,9-12,0,0,1,0,Lakeport,Lake,,
,Mt. Shasta Union Elementary,K-8,2,0,0,0,Mount Shasta,Siskiyou,,
,Hart Regional Occupational Program,9-12,0,0,1,0,Santa Clarita,Los Angeles,,
,Happy Valley Union Elementary,K-8,3,0,0,0,Anderson,Shasta,,
,Yreka Union Elementary,K-8,3,0,0,0,Yreka,Siskiyou,,
,California School For The Blind (State Special Schl),K-12,0,0,0,1,Fremont,Alameda,,
,Siskiyou County Office Of Education,K-12,0,0,0,3,Yreka,Siskiyou,,
,Bogus Elementary,K-8,1,0,0,0,Montague,Siskiyou,,
,Klamath River Union Elementary,K-8,1,0,0,0,Horse Creek,Siskiyou,,
,Canyon Elementary,K-8,1,0,0,0,Canyon,Contra Costa,,
