,index,Rank,District,Grades,# Elementary Schools,# Middle Schools,# High Schools,# Alt. Schools,City,County,Rank score (2017),Rank (2016),rank
0,0,1st,Orinda Union Elementary,K-8,4,1,0,0,Orinda,Contra Costa,0.9890000000000001,3.0,1
1,1,2nd,San Marino Unified,K-12,2,1,1,0,San Marino,Los Angeles,0.9890000000000001,6.0,2
2,2,3rd,Rancho Santa Fe Elementary,K-8,1,1,0,0,Rancho Santa Fe,San Diego,0.985,10.0,3
3,3,4th,Montecito Union Elementary,K-6,1,0,0,0,Santa Barbara,Santa Barbara,0.985,2.0,4
4,4,5th,La Canada Unified,K-12,3,0,1,0,La Canada,Los Angeles,0.983,4.0,5
5,5,6th,Los Altos Elementary,K-8,7,2,0,0,Los Altos,Santa Clara,0.981,13.0,6
6,6,7th,Ross Elementary,K-8,1,0,0,0,Ross,Marin,0.981,9.0,7
7,7,8th,Saratoga Union Elementary,K-8,3,1,0,0,Saratoga,Santa Clara,0.981,1.0,8
8,8,9th,Del Mar Union Elementary,K-6,8,0,0,0,San Diego,San Diego,0.98,18.0,9
9,9,10th,Portola Valley Elementary,K-8,2,0,0,0,Portola Valley,San Mateo,0.977,14.0,10
10,10,11th,Las Lomitas Elementary,K-8,2,0,0,0,Menlo Park,San Mateo,0.977,21.0,11
11,11,12th,Moraga Elementary,K-8,3,1,0,0,Moraga,Contra Costa,0.976,7.0,12
12,12,13th,Cold Spring Elementary,K-6,1,0,0,0,Santa Barbara,Santa Barbara,0.976,17.0,13
13,13,14th,Lafayette Elementary,K-8,4,1,0,0,Lafayette,Contra Costa,0.975,20.0,14
14,14,15th,Hillsborough City Elementary,K-8,3,1,0,0,Hillsborough,San Mateo,0.971,5.0,15
15,15,16th,Menlo Park City Elementary,K-8,3,1,0,0,Atherton,San Mateo,0.9690000000000001,19.0,16
16,16,17th,Manhattan Beach Unified,K-12,6,1,1,0,Manhattan Beach,Los Angeles,0.968,22.0,17
17,17,18th,Woodside Elementary,K-8,1,0,0,0,Woodside,San Mateo,0.9670000000000001,15.0,18
18,18,19th,Reed Union Elementary,K-8,2,1,0,0,Tiburon,Marin,0.965,8.0,19
19,19,20th,Cupertino Union,K-8,20,5,0,0,Cupertino,Santa Clara,0.965,24.0,20
20,20,21st,South Pasadena Unified,K-12,3,1,1,0,South Pasadena,Los Angeles,0.9620000000000001,26.0,21
21,21,22nd,Mill Valley Elementary,K-8,5,1,0,0,Mill Valley,Marin,0.9570000000000001,16.0,22
22,22,23rd,Los Gatos-Saratoga Joint Union High,9-12,0,0,2,0,Los Gatos,Santa Clara,0.956,11.0,23
23,23,24th,Clay Joint Elementary,K-8,1,0,0,0,Kingsburg,Fresno,0.9540000000000001,51.0,24
24,24,25th,Laguna Beach Unified,K-12,2,1,1,0,Laguna Beach,Orange,0.9540000000000001,29.0,25
25,25,26th,Los Alamitos Unified,K-12,6,2,1,0,Los Alamitos,Orange,0.953,30.0,26
26,26,27th,Arcadia Unified,K-12,6,3,1,1,Arcadia,Los Angeles,0.9520000000000001,36.0,27
27,27,28th,Piedmont City Unified,K-12,3,1,2,0,Piedmont,Alameda,0.95,46.0,28
28,28,29th,Union Elementary,K-8,7,2,0,0,San Jose,Santa Clara,0.948,33.0,29
29,29,30th,Belmont-Redwood Shores Elementary,K-8,6,1,0,0,Belmont,San Mateo,0.948,35.0,30
30,30,31st,Palo Alto Unified,K-12,13,3,2,1,Palo Alto,Santa Clara,0.945,27.0,31
31,31,32nd,Albany City Unified,K-12,3,1,2,0,Albany,Alameda,0.9440000000000001,41.0,32
32,32,33rd,Carmel Unified,K-12,4,1,2,0,Carmel,Monterey,0.9440000000000001,66.0,33
33,33,34th,Acalanes Union High,9-12,0,0,5,0,Lafayette,Contra Costa,0.9440000000000001,105.0,34
34,34,35th,Kentfield Elementary,K-8,1,1,0,0,Kentfield,Marin,0.9390000000000001,28.0,35
35,35,36th,Clear Creek Elementary,K-8,1,0,0,0,Grass Valley,Nevada,0.938,54.0,36
36,36,37th,Burlingame Elementary,K-8,6,1,0,0,Burlingame,San Mateo,0.9359999999999999,40.0,37
37,37,38th,Fremont Union High,9-12,0,0,6,0,Sunnyvale,Santa Clara,0.934,31.0,38
38,38,39th,Ballard Elementary,K-6,1,0,0,0,Solvang,Santa Barbara,0.9329999999999999,12.0,39
39,39,40th,Larkspur-Corte Madera,K-8,2,1,0,0,Larkspur,Marin,0.9329999999999999,65.0,40
40,40,41st,San Carlos Elementary,K-8,6,2,0,0,San Carlos,San Mateo,0.9329999999999999,42.0,41
41,41,42nd,Los Gatos Union Elementary,K-8,4,1,0,0,Los Gatos,Santa Clara,0.924,32.0,42
42,42,43rd,Walnut Valley Unified,K-12,9,3,3,0,Walnut,Los Angeles,0.924,70.0,43
43,43,44th,Ross Valley Elementary,K-8,4,1,0,0,San Anselmo,Marin,0.9229999999999999,50.0,44
44,44,45th,Loma Prieta Joint Union Elementary,K-8,1,1,0,0,Los Gatos,Santa Cruz,0.9229999999999999,39.0,45
45,45,46th,San Ramon Valley Unified,K-12,22,8,5,1,Danville,Contra Costa,0.922,43.0,46
46,46,47th,Fountain Valley Elementary,K-8,7,3,0,0,Fountain Valley,Orange,0.919,57.0,47
47,47,48th,Happy Valley Elementary,K-6,1,0,0,0,Santa Cruz,Santa Cruz,0.919,23.0,48
48,48,49th,Latrobe,K-8,2,0,0,0,Shingle Springs,El Dorado,0.917,37.0,49
49,49,50th,Hermosa Beach City Elementary,K-8,2,0,0,0,Hermosa Beach,Los Angeles,0.9159999999999999,,50
50,50,51st,Sunol Glen Unified,K-8,1,0,0,0,Sunol,Alameda,0.9159999999999999,25.0,51
51,51,52nd,Encinitas Union Elementary,K-6,9,0,0,0,Encinitas,San Diego,0.915,56.0,52
52,52,53rd,Cardiff Elementary,K-6,2,0,0,0,Cardiff By The Sea,San Diego,0.914,55.0,53
53,53,54th,Dixie Elementary,K-8,3,1,0,0,San Rafael,Marin,0.91,44.0,54
54,54,55th,Pleasanton Unified,K-12,9,3,3,0,Pleasanton,Alameda,0.907,45.0,55
55,55,56th,Irvine Unified,K-12,25,6,7,1,Irvine,Orange,0.9059999999999999,47.0,56
56,56,57th,Huntington Beach City Elementary,K-8,8,2,0,0,Huntington Beach,Orange,0.905,68.0,57
57,57,58th,Scotts Valley Unified,K-12,2,1,1,0,Scotts Valley,Santa Cruz,0.903,69.0,58
58,58,59th,Beverly Hills Unified,K-12,4,0,2,0,Beverly Hills,Los Angeles,0.903,53.0,59
59,59,60th,Lakeside Joint,K-5,1,0,0,0,Los Gatos,Santa Cruz,0.9,34.0,60
60,60,61st,San Dieguito Union High,7-12,0,5,5,0,Encinitas,San Diego,0.899,59.0,61
61,61,62nd,Coronado Unified,K-12,2,1,1,0,Coronado,San Diego,0.8959999999999999,60.0,62
62,62,63rd,Gravenstein Union Elementary,K-8,3,1,0,0,Sebastopol,Sonoma,0.894,58.0,63
63,63,64th,Grant Elementary,K-8,1,0,0,0,Redding,Shasta,0.893,67.0,64
64,64,65th,Walnut Creek Elementary,K-8,6,1,0,0,Walnut Creek,Contra Costa,0.892,52.0,65
65,65,66th,Jacoby Creek Elementary,K-8,1,0,0,0,Bayside,Humboldt,0.8909999999999999,61.0,66
66,66,67th,Palos Verdes Peninsula Unified,K-12,10,3,3,0,Palos Verdes Estates,Los Angeles,0.8909999999999999,48.0,67
67,67,68th,Ackerman Charter,K-8,1,0,0,0,Auburn,Placer,0.887,79.0,68
68,68,69th,Poway Unified,K-12,26,6,6,0,San Diego,San Diego,0.88,64.0,69
69,69,70th,Las Virgenes Unified,K-12,9,3,3,0,Calabasas,Los Angeles,0.8759999999999999,75.0,70
70,70,71st,Pacific Grove Unified,K-12,2,1,2,0,Pacific Grove,Monterey,0.873,78.0,71
71,71,72nd,Rescue Union Elementary,K-8,5,2,0,0,Rescue,El Dorado,0.871,74.0,72
72,72,73rd,Douglas City Elementary,K-8,1,0,0,0,Douglas City,Trinity,0.8690000000000001,63.0,73
73,73,75th,Buellton Union Elementary,K-8,1,1,0,0,Buellton,Santa Barbara,0.867,71.0,75
74,74,76th,Millville Elementary,K-8,1,0,0,0,Millville,Shasta,0.865,87.0,76
75,75,77th,Freshwater Elementary,K-8,1,1,0,0,Eureka,Humboldt,0.857,92.0,77
76,76,78th,Carlsbad Unified,K-12,9,3,4,0,Carlsbad,San Diego,0.853,82.0,78
77,77,79th,Waugh Elementary,K-6,2,0,0,0,Petaluma,Sonoma,0.851,97.0,79
78,78,80th,Redondo Beach Unified,K-12,8,2,3,0,Redondo Beach,Los Angeles,0.85,84.0,80
79,79,81st,Mountain Elementary,K-6,1,0,0,0,Soquel,Santa Cruz,0.85,38.0,81
80,80,82nd,McCabe Union Elementary,K-8,1,0,0,0,El Centro,Imperial,0.8490000000000001,98.0,82
81,81,83rd,Fremont Unified,K-12,29,5,8,1,Fremont,Alameda,0.846,94.0,83
82,82,84th,Kings River-Hardwick Union Elementary,K-8,1,0,0,0,Hanford,Kings,0.845,80.0,84
83,83,85th,Dublin Unified,K-12,7,2,2,0,Dublin,Alameda,0.8340000000000001,73.0,85
84,84,86th,Los Olivos Elementary,K-8,1,0,0,0,Los Olivos,Santa Barbara,0.833,85.0,86
85,85,87th,Cypress Elementary,K-6,6,0,0,0,Cypress,Orange,0.83,103.0,87
86,86,88th,Newhall,K-6,10,0,0,0,Valencia,Los Angeles,0.8290000000000001,91.0,88
87,87,89th,Kenwood,K-6,1,0,0,0,Kenwood,Sonoma,0.8290000000000001,49.0,89
88,88,90th,Etiwanda Elementary,K-8,12,5,0,0,Etiwanda,San Bernardino,0.828,112.0,90
89,89,91st,Newcastle Elementary,K-12,4,0,1,1,Newcastle,Placer,0.828,76.0,91
90,90,92nd,Santa Monica-Malibu Unified,K-12,11,2,2,1,Santa Monica,Los Angeles,0.8240000000000001,90.0,92
91,91,93rd,Lammersville Joint Unified,K-12,5,0,1,0,Mountain House,San Joaquin,0.823,150.0,93
92,92,94th,Davis Joint Unified,K-12,9,0,3,4,Davis,Yolo,0.823,102.0,94
93,93,95th,Oak Park Unified,K-12,3,1,2,1,Oak Park,Ventura,0.821,89.0,95
94,94,96th,Wiseburn Unified,K-12,4,1,3,0,Hawthorne,Los Angeles,0.82,,96
95,95,97th,Franklin Elementary,K-8,1,0,0,0,Yuba City,Sutter,0.818,96.0,97
96,96,98th,Solvang Elementary,K-8,1,0,0,0,Solvang,Santa Barbara,0.818,237.0,98
97,97,99th,Rocklin Unified,K-12,14,2,4,1,Rocklin,Placer,0.815,109.0,99
98,98,100th,Fieldbrook Elementary,K-8,1,0,0,0,McKinleyville,Humboldt,0.815,88.0,100
99,99,101st,Loomis Union Elementary,K-12,7,0,0,1,Loomis,Placer,0.8140000000000001,95.0,101
100,100,102nd,Hope Elementary,K-6,3,0,0,0,Santa Barbara,Santa Barbara,0.813,86.0,102
101,101,103rd,El Segundo Unified,K-12,2,1,2,0,El Segundo,Los Angeles,0.813,115.0,103
102,102,104th,Moreland,K-8,6,1,0,0,San Jose,Santa Clara,0.812,104.0,104
103,103,105th,Saint Helena Unified,K-12,2,1,1,0,Saint Helena,Napa,0.812,107.0,105
104,104,106th,Twin Hills Union Elementary,K-12,2,1,0,1,Sebastopol,Sonoma,0.8109999999999999,114.0,106
105,105,107th,Wilmar Union Elementary,K-6,1,0,0,0,Petaluma,Sonoma,0.81,106.0,107
106,106,108th,Castro Valley Unified,K-12,9,2,3,1,Castro Valley,Alameda,0.81,110.0,108
107,107,109th,Dunham Elementary,K-6,2,0,0,0,Petaluma,Sonoma,0.807,233.0,109
108,108,110th,Nuestro Elementary,K-12,1,0,0,1,Live Oak,Sutter,0.807,181.0,110
109,109,111th,Buckeye Union Elementary,K-8,8,2,0,0,El Dorado Hills,El Dorado,0.807,100.0,111
110,110,112th,San Pasqual Union Elementary,K-8,1,0,0,0,Escondido,San Diego,0.8059999999999999,99.0,112
111,111,113th,San Mateo Union High,9-12,0,0,8,0,San Mateo,San Mateo,0.8059999999999999,129.0,113
112,112,114th,San Luis Coastal Unified,K-12,11,2,3,1,San Luis Obispo,San Luis Obispo,0.805,133.0,114
113,113,115th,Columbine Elementary,K-8,1,0,0,0,Delano,Kern,0.8,93.0,115
114,114,116th,Torrance Unified,K-12,17,8,6,0,Torrance,Los Angeles,0.7959999999999999,117.0,116
115,115,117th,Santa Ynez Valley Union High,9-12,0,0,2,0,Santa Ynez,Santa Barbara,0.7929999999999999,62.0,117
116,116,118th,Millbrae Elementary,K-8,4,1,0,0,Millbrae,San Mateo,0.792,108.0,118
117,117,119th,Junction Elementary,K-8,1,0,0,0,Palo Cedro,Shasta,0.7909999999999999,199.0,119
118,118,120th,Placentia-Yorba Linda Unified,K-12,22,5,6,1,Placentia,Orange,0.79,118.0,120
119,119,121st,Pacifica,K-8,6,1,0,0,Pacifica,San Mateo,0.787,135.0,121
120,120,122nd,Mountain View Whisman,K-8,10,2,0,0,Mountain View,Santa Clara,0.785,127.0,122
121,121,123rd,Hydesville Elementary,K-8,1,0,0,0,Hydesville,Humboldt,0.7829999999999999,349.0,123
122,122,124th,Temple City Unified,K-12,4,1,2,1,Temple City,Los Angeles,0.782,119.0,124
123,123,125th,Capistrano Unified,K-12,39,12,9,2,San Juan Capistrano,Orange,0.778,120.0,125
124,124,126th,Campbell Union High,9-12,0,0,7,0,San Jose,Santa Clara,0.777,125.0,126
125,125,127th,Clovis Unified,K-12,34,5,8,1,Clovis,Fresno,0.7759999999999999,184.0,127
126,126,128th,Milpitas Unified,K-12,9,2,2,0,Milpitas,Santa Clara,0.774,151.0,128
127,127,129th,Round Valley Joint Elementary,K-8,1,0,0,0,Bishop,Inyo,0.7709999999999999,207.0,129
128,128,130th,Richmond Elementary,K-8,1,0,0,0,Susanville,Lassen,0.7709999999999999,177.0,130
129,129,131st,Temecula Valley Unified,K-12,18,6,4,2,Temecula,Riverside,0.77,132.0,131
130,130,132nd,North County Joint Union Elementary,K-8,1,0,0,0,Hollister,San Benito,0.77,166.0,132
131,131,133rd,Tamalpais Union High,9-12,0,0,5,0,Larkspur,Marin,0.77,141.0,133
132,132,134th,Brea-Olinda Unified,K-12,6,1,2,0,Brea,Orange,0.767,145.0,134
133,133,135th,Lowell Joint,K-8,5,1,0,0,Whittier,Los Angeles,0.767,131.0,135
134,134,137th,Conejo Valley Unified,K-12,17,4,4,1,Thousand Oaks,Ventura,0.7659999999999999,124.0,137
135,135,138th,Alta Loma Elementary,K-8,8,2,0,0,Alta Loma,San Bernardino,0.763,155.0,138
136,136,139th,Hickman Community Charter,K-8,2,1,0,0,Hickman,Stanislaus,0.759,130.0,139
137,137,140th,Magnolia Union Elementary,K-8,1,0,0,0,Brawley,Imperial,0.758,111.0,140
138,138,141st,Centralia Elementary,K-6,8,0,0,0,Buena Park,Orange,0.7559999999999999,142.0,141
139,139,142nd,Huntington Beach Union High,9-12,0,0,8,0,Huntington Beach,Orange,0.755,149.0,142
140,140,143rd,Soquel Union Elementary,K-8,4,1,0,0,Capitola,Santa Cruz,0.755,206.0,143
141,141,144th,Goleta Union Elementary,K-6,9,0,0,0,Goleta,Santa Barbara,0.753,171.0,144
142,142,145th,Island Union Elementary,K-8,1,0,0,0,Lemoore,Kings,0.752,202.0,145
143,143,146th,Glendora Unified,K-12,5,2,2,0,Glendora,Los Angeles,0.752,139.0,146
144,144,147th,Pacific Elementary,K-6,1,0,0,0,Davenport,Santa Cruz,0.7509999999999999,128.0,147
145,145,148th,Manzanita Elementary,K-8,1,0,0,0,Gridley,Butte,0.75,137.0,148
146,146,149th,Norris Elementary,K-8,4,1,0,0,Bakersfield,Kern,0.7490000000000001,126.0,149
147,147,150th,Rosemead Elementary,K-8,4,1,0,0,Rosemead,Los Angeles,0.748,187.0,150
148,148,151st,Bonita Unified,K-12,8,2,3,1,San Dimas,Los Angeles,0.748,162.0,151
149,149,152nd,Mountain View-Los Altos Union High,9-12,0,0,3,0,Mountain View,Santa Clara,0.747,203.0,152
150,150,153rd,Two Rock Union,K-6,1,0,0,0,Petaluma,Sonoma,0.746,270.0,153
151,151,154th,Cambrian,K-8,5,1,0,0,San Jose,Santa Clara,0.746,121.0,154
152,152,155th,Alexander Valley Union Elementary,K-6,1,0,0,0,Healdsburg,Sonoma,0.745,113.0,155
153,153,156th,Southside Elementary,K-8,1,0,0,0,Hollister,San Benito,0.7440000000000001,77.0,156
154,154,157th,Alta-Dutch Flat Union Elementary,K-8,1,0,0,0,Alta,Placer,0.7440000000000001,241.0,157
155,155,158th,Roseville City Elementary,K-8,14,4,0,0,Roseville,Placer,0.743,147.0,158
156,156,159th,Sundale Union Elementary,K-8,1,0,0,0,Tulare,Tulare,0.741,205.0,159
157,157,160th,Golden Valley Unified,K-12,3,1,4,2,Madera,Madera,0.741,196.0,160
158,158,161st,Rosedale Union Elementary,K-8,7,2,0,0,Bakersfield,Kern,0.74,218.0,161
159,159,162nd,Brentwood Union Elementary,K-8,8,3,0,0,Brentwood,Contra Costa,0.7390000000000001,174.0,162
160,160,163rd,Nevada City Elementary,K-8,2,1,0,0,Nevada City,Nevada,0.737,156.0,163
161,161,164th,Pleasant Valley,K-8,10,2,0,0,Camarillo,Ventura,0.736,173.0,164
162,162,165th,Saugus Union,K-6,15,0,0,0,Santa Clarita,Los Angeles,0.733,148.0,165
163,163,166th,Alameda Unified,K-12,11,3,4,3,Alameda,Alameda,0.733,163.0,166
164,164,167th,Castaic Union,K-8,3,1,0,0,Valencia,Los Angeles,0.733,189.0,167
165,165,168th,Sulphur Springs Union,K-6,9,0,0,0,Canyon Country,Los Angeles,0.732,201.0,168
166,166,169th,Vista Del Mar Union,K-8,1,0,0,0,Gaviota,Santa Barbara,0.732,138.0,169
167,167,170th,Alhambra Unified,K-12,13,0,5,0,Alhambra,Los Angeles,0.732,210.0,170
168,168,171st,Tahoe-Truckee Unified,K-12,6,2,3,1,Truckee,Nevada,0.732,178.0,171
169,169,172nd,Berryessa Union Elementary,K-8,11,3,0,0,San Jose,Santa Clara,0.73,165.0,172
170,170,173rd,Spreckels Union Elementary,K-8,1,1,0,0,Spreckels,Monterey,0.728,164.0,173
171,171,174th,Pioneer Union Elementary,K-8,2,1,0,0,Hanford,Kings,0.727,191.0,174
172,172,175th,Templeton Unified,K-12,3,1,3,0,Templeton,San Luis Obispo,0.726,136.0,175
173,173,176th,Glendale Unified,K-12,20,4,5,3,Glendale,Los Angeles,0.7240000000000001,153.0,176
174,174,177th,Garvey Elementary,K-8,8,2,0,0,Rosemead,Los Angeles,0.723,198.0,177
175,175,178th,Murrieta Valley Unified,K-12,11,4,3,1,Murrieta,Riverside,0.721,197.0,178
176,176,179th,Fallbrook Union Elementary,K-8,9,1,0,0,Fallbrook,San Diego,0.721,228.0,179
177,177,180th,Berkeley Unified,K-12,11,4,3,0,Berkeley,Alameda,0.72,217.0,180
178,178,181st,Lassen View Union Elementary,K-8,2,0,0,0,Los Molinos,Tehama,0.718,273.0,181
179,179,182nd,Saddleback Valley Unified,K-12,23,4,7,0,Mission Viejo,Orange,0.718,159.0,182
180,180,183rd,Bonny Doon Union Elementary,K-6,1,0,0,0,Santa Cruz,Santa Cruz,0.7170000000000001,83.0,183
181,181,184th,Ocean View,K-8,11,4,0,0,Huntington Beach,Orange,0.7140000000000001,194.0,184
182,182,185th,Evergreen Elementary,K-8,15,3,0,0,San Jose,Santa Clara,0.713,188.0,185
183,183,186th,Redlands Unified,K-12,16,4,5,1,Redlands,San Bernardino,0.7120000000000001,179.0,186
184,184,187th,Gratton Elementary,K-8,2,0,0,0,Denair,Stanislaus,0.7120000000000001,123.0,187
185,185,188th,Brisbane Elementary,K-8,2,1,0,0,Brisbane,San Mateo,0.711,170.0,188
186,186,189th,Rincon Valley Union Elementary,K-8,9,0,0,0,Santa Rosa,Sonoma,0.7090000000000001,225.0,189
187,187,190th,Bonsall Unified,K-12,3,1,1,1,Bonsall,San Diego,0.706,,190
188,188,191st,Culver City Unified,K-12,5,1,2,1,Culver City,Los Angeles,0.706,215.0,191
189,189,192nd,Chula Vista Elementary,K-12,45,0,0,2,Chula Vista,San Diego,0.705,223.0,192
190,190,193rd,North Cow Creek Elementary,K-8,1,0,0,0,Palo Cedro,Shasta,0.705,134.0,193
191,191,194th,Claremont Unified,K-12,8,1,3,0,Claremont,Los Angeles,0.705,249.0,194
192,192,195th,Benicia Unified,K-12,4,1,3,0,Benicia,Solano,0.7040000000000001,239.0,195
193,193,196th,William S. Hart Union High,K-12,0,6,12,2,Santa Clarita,Los Angeles,0.701,216.0,196
194,194,197th,Carpinteria Unified,K-12,4,1,3,0,Carpinteria,Santa Barbara,0.7,226.0,197
195,195,198th,Moorpark Unified,K-12,6,2,4,0,Moorpark,Ventura,0.6990000000000001,183.0,198
196,196,199th,Scott Valley Unified,K-12,3,1,2,1,Fort Jones,Siskiyou,0.6990000000000001,245.0,199
197,197,200th,Mark West Union Elementary,K-8,4,0,0,0,Santa Rosa,Sonoma,0.6990000000000001,160.0,200
198,198,201st,Jefferson Union High,9-12,0,0,6,0,Daly City,San Mateo,0.698,258.0,201
199,199,202nd,Live Oak Elementary,K-12,5,1,1,0,Santa Cruz,Santa Cruz,0.6970000000000001,271.0,202
200,200,203rd,Valle Lindo Elementary,K-8,1,1,0,0,South El Monte,Los Angeles,0.6970000000000001,209.0,203
201,201,204th,Roseville Joint Union High,9-12,0,0,7,0,Roseville,Placer,0.6970000000000001,172.0,204
202,202,205th,Ripon Unified,K-12,5,0,2,1,Ripon,San Joaquin,0.696,211.0,205
203,203,206th,Lake Elementary,K-8,1,0,0,0,Orland,Glenn,0.696,248.0,206
204,204,207th,Grossmont Union High,9-12,0,0,17,0,El Cajon,San Diego,0.695,319.0,207
205,205,208th,San Mateo-Foster City,K-8,16,4,0,0,Foster City,San Mateo,0.6940000000000001,161.0,208
206,206,209th,Westminster,K-8,13,3,0,0,Westminster,Orange,0.6940000000000001,213.0,209
207,207,210th,Jefferson Elementary,K-8,3,1,0,0,Tracy,San Joaquin,0.6940000000000001,240.0,210
208,208,211th,Vallecito Union,K-8,2,1,0,0,Avery,Calaveras,0.6940000000000001,143.0,211
209,209,212th,Durham Unified,K-12,1,1,1,0,Durham,Butte,0.6940000000000001,229.0,212
210,210,213th,Fruitvale Elementary,K-8,4,1,0,0,Bakersfield,Kern,0.6920000000000001,182.0,213
211,211,214th,ABC Unified,K-12,19,5,6,0,Cerritos,Los Angeles,0.6920000000000001,234.0,214
212,212,215th,El Dorado Union High,9-12,0,0,7,0,Placerville,El Dorado,0.691,235.0,215
213,213,216th,Pleasant Ridge Union Elementary,K-8,2,1,0,0,Grass Valley,Nevada,0.69,167.0,216
214,214,217th,Pleasant Grove Joint Union,K-8,1,0,0,0,Pleasant Grove,Sutter,0.69,116.0,217
215,215,218th,Santee,K-8,11,0,0,0,Santee,San Diego,0.69,186.0,218
216,216,219th,Tustin Unified,K-12,20,5,5,0,Tustin,Orange,0.687,246.0,219
217,217,220th,Knights Ferry Elementary,K-8,1,0,0,0,Knights Ferry,Stanislaus,0.6859999999999999,224.0,220
218,218,221st,Orchard Elementary,K-8,1,0,0,0,San Jose,Santa Clara,0.685,266.0,221
219,219,222nd,Siskiyou Union High,9-12,0,0,6,0,Mount Shasta,Siskiyou,0.685,293.0,222
220,220,223rd,Arcata Elementary,K-8,5,1,0,0,Arcata,Humboldt,0.684,227.0,223
221,221,224th,Oak View Union Elementary,K-8,1,0,0,0,Acampo,San Joaquin,0.6829999999999999,244.0,224
222,222,225th,Dry Creek Joint Elementary,K-8,7,2,0,0,Roseville,Placer,0.679,158.0,225
223,223,226th,Burbank Unified,K-12,11,3,5,2,Burbank,Los Angeles,0.6779999999999999,232.0,226
224,224,227th,Chicago Park Elementary,K-8,2,0,0,0,Grass Valley,Nevada,0.674,254.0,227
225,225,228th,Cayucos Elementary,K-8,1,0,0,0,Cayucos,San Luis Obispo,0.674,168.0,228
226,226,229th,Sutter Union High,9-12,0,0,2,0,Sutter,Sutter,0.6729999999999999,606.0,229
227,227,230th,Sonora Elementary,K-8,1,0,0,0,Sonora,Tuolumne,0.6729999999999999,185.0,230
228,228,231st,Coast Unified,K-12,1,1,3,0,Cambria,San Luis Obispo,0.672,157.0,231
229,229,232nd,Cottonwood Union Elementary,K-8,2,1,0,0,Cottonwood,Shasta,0.672,277.0,232
230,230,233rd,Newport-Mesa Unified,K-12,22,2,7,0,Costa Mesa,Orange,0.67,243.0,233
231,231,234th,East Whittier City Elementary,K-8,10,3,0,0,Whittier,Los Angeles,0.6679999999999999,222.0,234
232,232,235th,Livermore Valley Joint Unified,K-12,11,3,4,1,Livermore,Alameda,0.667,236.0,235
233,233,236th,Heber Elementary,K-8,1,0,0,0,Heber,Imperial,0.667,255.0,236
234,234,237th,Columbia Elementary,K-12,2,1,0,1,Redding,Shasta,0.667,220.0,237
235,235,238th,Garden Grove Unified,K-12,44,10,9,1,Garden Grove,Orange,0.667,268.0,238
236,236,239th,Santa Clara Unified,K-12,18,3,3,2,Santa Clara,Santa Clara,0.667,250.0,239
237,237,240th,Chaffey Joint Union High,9-12,0,0,11,0,Ontario,San Bernardino,0.6659999999999999,267.0,240
238,238,241st,Sequoia Union High,9-12,0,0,8,0,Redwood City,San Mateo,0.6659999999999999,282.0,241
239,239,242nd,College Elementary,K-8,3,0,0,0,Santa Ynez,Santa Barbara,0.665,263.0,242
240,240,243rd,Garfield Elementary,K-6,1,0,0,0,Eureka,Humboldt,0.665,,243
241,241,244th,Galt Joint Union High,9-12,0,0,3,0,Galt,Sacramento,0.664,514.0,244
242,242,245th,East Nicolaus Joint Union High,9-12,0,0,1,0,Nicolaus,Sutter,0.6629999999999999,278.0,245
243,243,246th,Alpine Union Elementary,K-8,5,1,0,0,Alpine,San Diego,0.662,421.0,246
244,244,247th,San Marcos Unified,K-12,12,3,4,1,San Marcos,San Diego,0.662,219.0,247
245,245,248th,Corona-Norco Unified,K-12,32,8,9,2,Norco,Riverside,0.6609999999999999,251.0,248
246,246,249th,Lassen Union High,7-12,0,0,2,0,Susanville,Lassen,0.6609999999999999,152.0,249
247,247,250th,Novato Unified,K-12,9,2,3,2,Novato,Marin,0.66,190.0,250
248,248,251st,Mesa Union Elementary,K-12,1,0,0,1,Somis,Ventura,0.66,176.0,251
249,249,252nd,McSwain Union Elementary,K-8,1,0,0,0,Merced,Merced,0.6579999999999999,214.0,252
250,250,253rd,Little Lake City Elementary,K-8,7,2,0,0,Santa Fe Springs,Los Angeles,0.655,264.0,253
251,251,254th,Placer Union High,9-12,0,0,6,0,Auburn,Placer,0.654,212.0,254
252,252,255th,San Lorenzo Valley Unified,K-12,2,1,1,3,Ben Lomond,Santa Cruz,0.6509999999999999,192.0,255
253,253,256th,Fullerton Joint Union High,9-12,0,0,8,0,Fullerton,Orange,0.65,284.0,256
254,254,257th,Burnt Ranch Elementary,K-8,1,0,0,0,Burnt Ranch,Trinity,0.649,593.0,257
255,255,258th,Mupu Elementary,K-12,1,0,0,1,Santa Paula,Ventura,0.649,309.0,258
256,256,259th,Plaza Elementary,K-8,1,0,0,0,Orland,Glenn,0.648,231.0,259
257,257,260th,Petaluma City Elementary,K-12,8,1,0,1,Petaluma,Sonoma,0.647,200.0,260
258,258,261st,Ventura Unified,K-12,18,4,5,0,Ventura,Ventura,0.6459999999999999,259.0,261
259,259,262nd,Sunnyvale,K-8,8,2,0,0,Sunnyvale,Santa Clara,0.644,252.0,262
260,260,263rd,Butteville Union Elementary,K-8,1,0,0,0,Edgewood,Siskiyou,0.642,257.0,263
261,261,264th,Sequoia Union Elementary,K-8,1,1,0,0,Lemon Cove,Tulare,0.638,373.0,264
262,262,265th,Folsom-Cordova Unified,K-12,21,4,6,1,Rancho Cordova,Sacramento,0.638,343.0,265
263,263,266th,Plumas Lake Elementary,K-8,2,1,0,0,Plumas Lake,Yuba,0.638,208.0,266
264,264,267th,Cutten Elementary,K-6,2,0,0,0,Eureka,Humboldt,0.638,280.0,267
265,265,268th,Wheatland Union High,7-12,0,0,2,0,Wheatland,Yuba,0.638,302.0,268
266,266,269th,Winship-Robbins,K-12,2,0,0,1,Meridian,Sutter,0.637,348.0,269
267,267,270th,West Sonoma County Union High,K-12,0,0,4,1,Sebastopol,Sonoma,0.637,230.0,270
268,268,271st,Lakeside Union Elementary,K-12,8,2,1,1,Lakeside,San Diego,0.636,308.0,271
269,269,272nd,Travis Unified,K-12,5,1,3,1,Fairfield,Solano,0.634,272.0,272
270,270,273rd,Campbell Union,K-8,9,3,0,0,Campbell,Santa Clara,0.633,288.0,273
271,271,274th,Fullerton Elementary,K-8,17,3,0,0,Fullerton,Orange,0.633,247.0,274
272,272,275th,Live Oak Unified,K-12,2,1,2,1,Live Oak,Sutter,0.632,378.0,275
273,273,276th,Gold Trail Union Elementary,K-8,2,0,0,0,Placerville,El Dorado,0.63,140.0,276
274,274,277th,Placerville Union Elementary,K-8,2,1,0,0,Placerville,El Dorado,0.629,238.0,277
275,275,278th,Midway Elementary,K-8,1,0,0,0,Fellows,Kern,0.628,180.0,278
276,276,279th,Chino Valley Unified,K-12,23,5,7,0,Chino,San Bernardino,0.628,261.0,279
277,277,280th,San Bruno Park Elementary,K-8,6,1,0,0,San Bruno,San Mateo,0.628,333.0,280
278,278,281st,Magnolia Elementary,K-6,9,0,0,0,Anaheim,Orange,0.626,294.0,281
279,279,282nd,Escondido Union High,9-12,0,0,7,0,Escondido,San Diego,0.625,256.0,282
280,280,283rd,Gold Oak Union Elementary,K-8,1,1,0,0,Placerville,El Dorado,0.624,274.0,283
281,281,284th,Menifee Union Elementary,K-12,10,3,0,1,Menifee,Riverside,0.622,276.0,284
282,282,285th,Hollister,K-8,9,2,0,0,Hollister,San Benito,0.621,425.0,285
283,283,286th,Pacific Union Elementary,K-8,2,0,0,0,Arcata,Humboldt,0.619,313.0,286
284,284,287th,Santa Clara County Office Of Education,K-12,14,3,4,4,San Jose,Santa Clara,0.617,341.0,287
285,285,288th,Monrovia Unified,K-12,5,2,2,1,Monrovia,Los Angeles,0.617,326.0,288
286,286,289th,Holtville Unified,K-12,2,1,2,1,Holtville,Imperial,0.617,470.0,289
287,287,290th,Raymond-Knowles Union Elementary,K-8,1,0,0,0,Raymond,Madera,0.612,512.0,290
288,288,291st,Fall River Joint Unified,K-12,4,0,6,1,Burney,Shasta,0.611,304.0,291
289,289,292nd,Petaluma Joint Union High,K-12,1,3,7,1,Petaluma,Sonoma,0.611,285.0,292
290,290,293rd,Gilroy Unified,K-12,9,3,4,0,Gilroy,Santa Clara,0.61,315.0,293
291,291,294th,Alview-Dairyland Union Elementary,K-8,2,0,0,0,Chowchilla,Madera,0.606,295.0,294
292,292,295th,Harmony Union Elementary,K-12,2,0,0,1,Occidental,Sonoma,0.605,262.0,295
293,293,296th,Downey Unified,K-12,13,4,3,0,Downey,Los Angeles,0.604,299.0,296
294,294,297th,Nevada Joint Union High,9-12,0,0,7,0,Grass Valley,Nevada,0.603,298.0,297
295,295,298th,Somis Union,K-8,1,0,0,0,Somis,Ventura,0.6,501.0,298
296,296,299th,Morgan Hill Unified,K-12,9,2,3,0,Morgan Hill,Santa Clara,0.6,275.0,299
297,297,300th,Camino Union Elementary,K-8,2,0,0,0,Camino,El Dorado,0.6,314.0,300
298,298,301st,Santa Cruz City Elementary,K-6,5,0,0,0,Soquel,Santa Cruz,0.599,260.0,301
299,299,302nd,Kirkwood Elementary,K-8,1,0,0,0,Corning,Tehama,0.599,195.0,302
300,300,303rd,Central Elementary,K-8,5,2,0,0,Rancho Cucamonga,San Bernardino,0.598,328.0,303
301,301,304th,Blochman Union Elementary,K-12,1,0,0,2,Santa Maria,Santa Barbara,0.597,310.0,304
302,302,305th,Colfax Elementary,K-8,1,0,0,0,Colfax,Placer,0.596,409.0,305
303,303,306th,Middletown Unified,K-12,4,1,2,1,Middletown,Lake,0.593,344.0,306
304,304,307th,Orcutt Union Elementary,K-12,6,2,0,1,Orcutt,Santa Barbara,0.593,289.0,307
305,305,308th,Chico Unified,K-12,18,3,5,3,Chico,Butte,0.593,338.0,308
306,306,309th,Simi Valley Unified,K-12,18,3,4,1,Simi Valley,Ventura,0.5920000000000001,306.0,309
307,307,310th,Twain Harte,K-8,1,0,0,0,Twain Harte,Tuolumne,0.5920000000000001,404.0,310
308,308,311th,San Francisco Unified,K-12,75,16,26,0,San Francisco,San Francisco,0.5920000000000001,351.0,311
309,309,312th,Savanna Elementary,K-6,4,0,0,0,Anaheim,Orange,0.59,297.0,312
310,310,313th,West Covina Unified,K-12,9,3,3,2,West Covina,Los Angeles,0.59,346.0,313
311,311,314th,General Shafter Elementary,K-8,1,0,0,0,Bakersfield,Kern,0.589,307.0,314
312,312,315th,Vacaville Unified,K-12,12,2,4,1,Vacaville,Solano,0.589,355.0,315
313,313,316th,Three Rivers Union Elementary,K-8,1,0,0,0,Three Rivers,Tulare,0.589,371.0,316
314,314,317th,Covina-Valley Unified,K-12,10,3,4,0,Covina,Los Angeles,0.586,340.0,317
315,315,318th,Franklin-McKinley Elementary,K-8,17,5,0,0,San Jose,Santa Clara,0.586,305.0,318
316,316,319th,Keyes Union,K-12,1,1,0,1,Keyes,Stanislaus,0.586,420.0,319
317,317,320th,Capay Joint Union Elementary,K-8,1,0,0,0,Orland,Glenn,0.585,357.0,320
318,318,321st,Elk Grove Unified,K-12,41,9,14,2,Elk Grove,Sacramento,0.585,335.0,321
319,319,322nd,Delano Joint Union High,9-12,0,0,4,0,Delano,Kern,0.585,323.0,322
320,320,323rd,Shasta Union High,6-12,0,0,7,4,Redding,Shasta,0.585,322.0,323
321,321,324th,Grass Valley Elementary,K-8,3,1,0,0,Grass Valley,Nevada,0.585,332.0,324
322,322,325th,Hart-Ransom Union Elementary,K-12,1,0,0,1,Modesto,Stanislaus,0.585,337.0,325
323,323,326th,Gridley Unified,K-12,2,1,3,0,Gridley,Butte,0.584,515.0,326
324,324,327th,Sanger Unified,K-12,14,1,3,2,Sanger,Fresno,0.5820000000000001,379.0,327
325,325,328th,Lucia Mar Unified,K-12,11,2,4,1,Arroyo Grande,San Luis Obispo,0.579,350.0,328
326,326,329th,Fortuna Union High,9-12,0,0,3,0,Fortuna,Humboldt,0.579,401.0,329
327,327,330th,Bass Lake Joint Union Elementary,K-8,4,1,0,0,Oakhurst,Madera,0.579,361.0,330
328,328,331st,Sbc - High Technical High,K-12,2,2,2,0,San Diego,San Diego,0.579,489.0,331
329,329,332nd,Ramona City Unified,K-12,6,1,3,1,Ramona,San Diego,0.578,385.0,332
330,330,333rd,Orange Unified,K-12,28,5,6,2,Orange,Orange,0.578,352.0,333
331,331,334th,Wheatland,K-8,4,0,0,0,Wheatland,Yuba,0.578,317.0,334
332,332,335th,San Diego Unified,K-12,143,32,36,15,San Diego,San Diego,0.5770000000000001,329.0,335
333,333,336th,Roberts Ferry Union Elementary,K-8,2,0,0,0,Waterford,Stanislaus,0.575,438.0,336
334,334,337th,San Gabriel Unified,K-12,5,1,3,0,San Gabriel,Los Angeles,0.575,318.0,337
335,335,338th,Long Beach Unified,K-12,53,16,15,1,Long Beach,Los Angeles,0.574,432.0,338
336,336,339th,Ballico-Cressey Elementary,K-8,2,0,0,0,Ballico,Merced,0.574,387.0,339
337,337,340th,Big Springs Union Elementary,K-8,1,0,0,0,Montague,Siskiyou,0.574,325.0,340
338,338,341st,El Monte Union High,9-12,0,0,7,0,El Monte,Los Angeles,0.573,442.0,341
339,339,342nd,Trinidad Union Elementary,K-8,1,0,0,0,Trinidad,Humboldt,0.573,221.0,342
340,340,343rd,Cabrillo Unified,K-12,4,1,2,0,Half Moon Bay,San Mateo,0.569,359.0,343
341,341,344th,Oak Grove Elementary,K-8,16,4,0,0,San Jose,Santa Clara,0.569,395.0,344
342,342,345th,Santa Cruz City High,K-12,0,2,6,1,Soquel,Santa Cruz,0.569,269.0,345
343,343,346th,Alvina Elementary,K-8,1,0,0,0,Caruthers,Fresno,0.565,675.0,346
344,344,347th,Atascadero Unified,K-12,8,1,2,1,Atascadero,San Luis Obispo,0.565,265.0,347
345,345,348th,Lawndale Elementary,K-12,6,2,1,0,Lawndale,Los Angeles,0.563,360.0,348
346,346,349th,Charter Oak Unified,K-12,5,1,3,1,Covina,Los Angeles,0.563,303.0,349
347,347,350th,Sebastopol Union Elementary,K-8,3,1,0,0,Sebastopol,Sonoma,0.562,296.0,350
348,348,351st,Cotati-Rohnert Park Unified,K-12,7,2,4,1,Rohnert Park,Sonoma,0.561,539.0,351
349,349,352nd,Shoreline Unified,K-12,4,0,1,0,Tomales,Marin,0.561,339.0,352
350,350,353rd,Vallecitos Elementary,K-12,1,0,0,1,Fallbrook,San Diego,0.561,436.0,353
351,351,354th,Anderson Valley Unified,K-12,1,0,2,0,Boonville,Mendocino,0.5589999999999999,529.0,354
352,352,355th,Richfield Elementary,K-8,1,0,0,0,Corning,Tehama,0.557,193.0,355
353,353,356th,Mother Lode Union Elementary,K-8,1,1,0,0,Placerville,El Dorado,0.555,324.0,356
354,354,357th,Buena Vista Elementary,K-8,1,0,0,0,Tulare,Tulare,0.5539999999999999,653.0,357
355,355,358th,South San Francisco Unified,K-12,10,3,3,1,South San Francisco,San Mateo,0.5529999999999999,311.0,358
356,356,359th,Martinez Unified,K-12,4,1,2,1,Martinez,Contra Costa,0.5529999999999999,330.0,359
357,357,360th,Western Placer Unified,K-12,7,2,2,2,Lincoln,Placer,0.551,386.0,360
358,358,361st,Mariposa County Unified,K-12,7,0,4,1,Mariposa,Mariposa,0.55,363.0,361
359,359,362nd,Healdsburg Unified,K-12,2,1,2,0,Healdsburg,Sonoma,0.55,410.0,362
360,360,363rd,Guerneville Elementary,K-8,1,0,0,0,Guerneville,Sonoma,0.5489999999999999,377.0,363
361,361,364th,Scotia Union Elementary,K-8,1,0,0,0,Scotia,Humboldt,0.5489999999999999,365.0,364
362,362,365th,Imperial Unified,K-12,2,1,2,0,Imperial,Imperial,0.5479999999999999,336.0,365
363,363,366th,Arcohe Union Elementary,K-8,1,0,0,0,Herald,Sacramento,0.546,366.0,366
364,364,367th,Old Adobe Union,K-6,6,0,0,0,Petaluma,Sonoma,0.545,416.0,367
365,365,368th,Lagunita Elementary,K-8,1,0,0,0,Salinas,Monterey,0.544,,368
366,366,369th,Mulberry Elementary,K-8,1,0,0,0,Brawley,Imperial,0.544,,369
367,367,370th,Yucaipa-Calimesa Joint Unified,K-12,8,2,3,1,Yucaipa,San Bernardino,0.5429999999999999,413.0,370
368,368,371st,Paradise Elementary,K-8,2,0,0,0,Modesto,Stanislaus,0.542,283.0,371
369,369,372nd,San Jose Unified,K-12,27,8,9,1,San Jose,Santa Clara,0.541,447.0,372
370,370,373rd,Sylvan Union Elementary,K-8,11,3,0,0,Modesto,Stanislaus,0.54,414.0,373
371,371,374th,La Mesa-Spring Valley,K-8,21,2,0,0,La Mesa,San Diego,0.54,422.0,374
372,372,375th,Plumas Unified,K-12,4,0,6,1,Quincy,Plumas,0.54,334.0,375
373,373,376th,Hacienda La Puente Unified,K-12,24,4,8,0,City Of Industry,Los Angeles,0.54,372.0,376
374,374,377th,Bella Vista Elementary,K-8,1,0,0,0,Bella Vista,Shasta,0.539,402.0,377
375,375,378th,West Side Union Elementary,K-6,1,0,0,0,Healdsburg,Sonoma,0.539,253.0,378
376,376,379th,Penn Valley Union Elementary,K-12,3,0,0,1,Penn Valley,Nevada,0.539,,379
377,377,380th,Nevada County Office Of Education,K-12,4,0,4,3,Grass Valley,Nevada,0.5379999999999999,,380
378,378,381st,Rowland Unified,K-12,14,2,4,2,Rowland Heights,Los Angeles,0.5379999999999999,380.0,381
379,379,382nd,Liberty Union High,9-12,0,0,5,0,Brentwood,Contra Costa,0.5379999999999999,345.0,382
380,380,383rd,Monte Rio Union Elementary,K-8,1,0,0,0,Monte Rio,Sonoma,0.536,,383
381,381,384th,San Miguel Joint Union,K-8,3,0,0,0,San Miguel,San Luis Obispo,0.534,418.0,384
382,382,385th,Tres Pinos Union Elementary,K-8,1,0,0,0,Tres Pinos,San Benito,0.534,628.0,385
383,383,386th,Marcum-Illinois Union Elementary,K-12,1,0,0,1,East Nicolaus,Sutter,0.5329999999999999,374.0,386
384,384,387th,Brittan Elementary,K-8,1,0,0,0,Sutter,Sutter,0.5329999999999999,300.0,387
385,385,388th,Jefferson Elementary,K-12,11,3,0,1,Daly City,San Mateo,0.5329999999999999,353.0,388
386,386,389th,Enterprise Elementary,K-8,8,1,0,0,Redding,Shasta,0.532,354.0,389
387,387,390th,Maxwell Unified,K-12,1,1,1,0,Maxwell,Colusa,0.532,497.0,390
388,388,391st,La Honda-Pescadero Unified,K-12,2,0,1,0,Pescadero,San Mateo,0.531,398.0,391
389,389,392nd,Geyserville Unified,K-12,1,0,1,1,Geyserville,Sonoma,0.529,,392
390,390,393rd,Winton,K-8,3,1,0,0,Winton,Merced,0.528,471.0,393
391,391,394th,Stanislaus Union Elementary,K-8,5,1,0,0,Modesto,Stanislaus,0.527,486.0,394
392,392,395th,Whittier Union High,9-12,0,0,7,0,Whittier,Los Angeles,0.526,391.0,395
393,393,396th,Knightsen Elementary,K-8,2,0,0,0,Knightsen,Contra Costa,0.525,383.0,396
394,394,397th,Foresthill Union Elementary,K-8,1,0,0,0,Foresthill,Placer,0.525,430.0,397
395,395,398th,Yosemite Unified,K-12,3,1,7,1,Oakhurst,Madera,0.525,301.0,398
396,396,399th,Atwater Elementary,K-8,7,3,0,0,Atwater,Merced,0.525,479.0,399
397,397,400th,Napa Valley Unified,K-12,20,5,6,1,Napa,Napa,0.524,452.0,400
398,398,401st,Browns Elementary,K-8,1,0,0,0,Rio Oso,Sutter,0.523,507.0,401
399,399,402nd,Sierra Sands Unified,K-12,7,2,2,0,Ridgecrest,Kern,0.521,369.0,402
400,400,403rd,Princeton Joint Unified,K-12,1,0,1,0,Princeton,Colusa,0.521,576.0,403
401,401,404th,El Tejon Unified,K-12,1,1,1,0,Lebec,Kern,0.52,433.0,404
402,402,405th,Snowline Joint Unified,K-12,6,2,3,1,Phelan,San Bernardino,0.519,426.0,405
403,403,406th,Upland Unified,K-12,10,2,2,0,Upland,San Bernardino,0.518,342.0,406
404,404,407th,Kings Canyon Joint Unified,K-12,12,3,5,1,Reedley,Fresno,0.518,532.0,407
405,405,408th,Pioneer Union Elementary,K-8,2,1,0,0,Somerset,El Dorado,0.518,531.0,408
406,406,409th,Shasta Union Elementary,K-8,1,0,0,0,Shasta,Shasta,0.518,394.0,409
407,407,410th,Mountain View Elementary,K-8,3,1,0,0,Ontario,San Bernardino,0.517,347.0,410
408,408,411th,Ferndale Unified,K-12,1,0,1,0,Ferndale,Humboldt,0.517,540.0,411
409,409,412th,Yuba County Office Of Education,K-12,1,0,1,3,Marysville,Yuba,0.517,822.0,412
410,410,413th,Hughes-Elizabeth Lakes Union Elementary,K-8,1,0,0,0,Lake Hughes,Los Angeles,0.516,368.0,413
411,411,414th,Paso Robles Joint Unified,K-12,7,2,3,0,Paso Robles,San Luis Obispo,0.516,415.0,414
412,412,415th,Northern Humboldt Union High,K-12,0,0,5,1,McKinleyville,Humboldt,0.516,494.0,415
413,413,416th,Modesto City High,6-12,0,0,8,1,Modesto,Stanislaus,0.515,364.0,416
414,414,417th,Center Joint Unified,K-12,4,1,3,0,Antelope,Sacramento,0.515,464.0,417
415,415,418th,Columbia Union,K-8,2,0,0,0,Columbia,Tuolumne,0.513,279.0,418
416,416,419th,Oxnard Union High,K-12,0,0,10,1,Oxnard,Ventura,0.511,331.0,419
417,417,420th,Oak Grove Union Elementary,K-12,2,0,0,1,Santa Rosa,Sonoma,0.511,417.0,420
418,418,421st,Silver Valley Unified,K-12,4,1,3,1,Yermo,San Bernardino,0.511,287.0,421
419,419,422nd,Amador County Unified,K-12,6,2,3,1,Jackson,Amador,0.51,505.0,422
420,420,423rd,Mt. Diablo Unified,K-12,30,9,11,1,Concord,Contra Costa,0.51,434.0,423
421,421,424th,Mark Twain Union Elementary,K-8,2,0,0,0,Angels Camp,Calaveras,0.509,390.0,424
422,422,425th,Colusa Unified,K-12,2,0,2,1,Colusa,Colusa,0.508,499.0,425
423,423,426th,Santa Barbara Unified,K-12,13,5,5,0,Santa Barbara,Santa Barbara,0.507,427.0,426
424,424,427th,Banta Elementary,K-8,2,0,0,0,Tracy,San Joaquin,0.506,462.0,427
425,425,428th,Calistoga Joint Unified,K-12,1,0,2,0,Calistoga,Napa,0.506,573.0,428
426,426,429th,Susanville Elementary,K-8,2,1,0,0,Susanville,Lassen,0.506,388.0,429
427,427,430th,Ojai Unified,K-12,5,1,2,1,Ojai,Ventura,0.506,286.0,430
428,428,431st,Buena Park Elementary,K-8,6,1,0,0,Buena Park,Orange,0.505,424.0,431
429,429,432nd,Kingsburg Joint Union High,9-12,0,0,3,0,Kingsburg,Fresno,0.505,384.0,432
430,430,433rd,Oak Valley Union Elementary,K-8,1,0,0,0,Tulare,Tulare,0.504,564.0,433
431,431,434th,Chualar Union,K-8,1,0,0,0,Chualar,Monterey,0.504,468.0,434
432,432,435th,Newark Unified,K-12,8,1,2,1,Newark,Alameda,0.504,389.0,435
433,433,436th,East Side Union High,K-12,0,0,25,1,San Jose,Santa Clara,0.503,509.0,436
434,434,437th,Bellflower Unified,K-12,10,0,3,2,Bellflower,Los Angeles,0.503,443.0,437
435,435,438th,Liberty Elementary,K-12,2,0,0,2,Petaluma,Sonoma,0.501,406.0,438
436,436,439th,New Haven Unified,K-12,7,2,3,1,Union City,Alameda,0.501,457.0,439
437,437,440th,Panama-Buena Vista Union,K-8,18,5,0,0,Bakersfield,Kern,0.5,522.0,440
438,438,441st,Lemoore Union Elementary,K-8,4,3,0,0,Lemoore,Kings,0.5,370.0,441
439,439,442nd,Galt Joint Union Elementary,K-8,5,1,0,0,Galt,Sacramento,0.5,567.0,442
440,440,443rd,El Monte City,K-8,15,0,0,0,El Monte,Los Angeles,0.5,469.0,443
441,441,444th,Whittier City Elementary,K-8,10,3,0,0,Whittier,Los Angeles,0.499,599.0,444
442,442,445th,Chawanakee Unified,K-12,2,0,4,1,North Fork,Madera,0.49700000000000005,477.0,445
443,443,446th,Ventura County Office Of Education,K-12,3,0,1,4,Camarillo,Ventura,0.49700000000000005,367.0,446
444,444,447th,Central Union Elementary,K-8,4,0,0,0,Lemoore,Kings,0.49700000000000005,476.0,447
445,445,448th,River Delta Joint Unified,K-12,5,1,4,2,Rio Vista,Solano,0.49700000000000005,523.0,448
446,446,449th,Lake Tahoe Unified,K-12,4,1,3,0,South Lake Tahoe,El Dorado,0.496,517.0,449
447,447,450th,Calipatria Unified,K-12,2,1,1,0,Calipatria,Imperial,0.495,579.0,450
448,448,451st,Riverside Unified,K-12,30,7,9,4,Riverside,Riverside,0.495,467.0,451
449,449,452nd,Anaheim Union High,7-12,0,8,12,0,Anaheim,Orange,0.494,399.0,452
450,450,453rd,Wright Elementary,K-8,3,0,0,0,Santa Rosa,Sonoma,0.493,460.0,453
451,451,454th,Sweetwater Union High,K-12,0,10,17,4,Chula Vista,San Diego,0.493,506.0,454
452,452,455th,Mammoth Unified,K-12,1,1,2,0,Mammoth Lakes,Mono,0.49200000000000005,242.0,455
453,453,456th,Curtis Creek Elementary,K-8,1,0,0,0,Sonora,Tuolumne,0.491,642.0,456
454,454,457th,Greenfield Union,K-8,9,3,0,0,Bakersfield,Kern,0.49,580.0,457
455,455,458th,Monterey County Office Of Education,K-12,2,0,2,3,Salinas,Monterey,0.49,448.0,458
456,456,459th,Hanford Elementary,K-8,10,2,0,0,Hanford,Kings,0.489,615.0,459
457,457,460th,Redwood City Elementary,K-8,17,2,0,0,Redwood City,San Mateo,0.489,534.0,460
458,458,461st,Anderson Union High,9-12,0,0,5,1,Anderson,Shasta,0.488,449.0,461
459,459,462nd,Desert Sands Unified,K-12,19,7,6,1,La Quinta,Riverside,0.488,465.0,462
460,460,463rd,Snelling-Merced Falls Union Elementary,K-8,1,0,0,0,Snelling,Merced,0.48700000000000004,,463
461,461,464th,Lennox,K-12,6,3,2,0,Lennox,Los Angeles,0.486,589.0,464
462,462,465th,Julian Union Elementary,K-12,1,1,0,3,Julian,San Diego,0.485,320.0,465
463,463,466th,Rio Bravo-Greeley Union Elementary,K-8,1,1,0,0,Bakersfield,Kern,0.485,392.0,466
464,464,467th,Caruthers Unified,K-12,1,0,2,0,Caruthers,Fresno,0.484,565.0,467
465,465,468th,Summerville Elementary,K-8,1,0,0,0,Tuolumne,Tuolumne,0.484,290.0,468
466,466,469th,Beaumont Unified,K-12,7,2,2,1,Beaumont,Riverside,0.484,405.0,469
467,467,470th,Redding Elementary,K-12,10,0,1,0,Redding,Shasta,0.484,453.0,470
468,468,471st,San Rafael City Elementary,K-8,9,1,0,0,San Rafael,Marin,0.483,450.0,471
469,469,472nd,Westside Union Elementary,K-8,10,2,0,0,Quartz Hill,Los Angeles,0.48,397.0,472
470,470,473rd,Union Hill Elementary,K-8,1,1,0,0,Grass Valley,Nevada,0.479,312.0,473
471,471,474th,Pollock Pines Elementary,K-8,1,1,0,0,Pollock Pines,El Dorado,0.479,528.0,474
472,472,475th,San Rafael City High,9-12,0,0,3,0,San Rafael,Marin,0.478,474.0,475
473,473,476th,Muroc Joint Unified,K-12,2,0,2,0,North Edwards,Kern,0.47700000000000004,445.0,476
474,474,477th,Roseland,K-12,3,0,0,1,Santa Rosa,Sonoma,0.47600000000000003,472.0,477
475,475,478th,Byron Union Elementary,K-12,2,1,0,1,Byron,Contra Costa,0.475,144.0,478
476,476,479th,Hawthorne,K-12,7,3,1,0,Hawthorne,Los Angeles,0.474,545.0,479
477,477,480th,Central Union High,9-12,0,0,3,1,El Centro,Imperial,0.474,459.0,480
478,478,481st,Forestville Union Elementary,K-8,2,0,0,0,Forestville,Sonoma,0.474,321.0,481
479,479,482nd,Oakdale Joint Unified,K-12,4,1,4,0,Oakdale,Stanislaus,0.474,456.0,482
480,480,483rd,Vista Unified,K-12,18,5,7,3,Vista,San Diego,0.474,524.0,483
481,481,484th,Santa Cruz County Office Of Education,K-12,0,0,3,1,Santa Cruz,Santa Cruz,0.47200000000000003,541.0,484
482,482,485th,Julian Union High,9-12,0,0,1,0,Julian,San Diego,0.47100000000000003,146.0,485
483,483,486th,Shiloh Elementary,K-8,2,0,0,0,Modesto,Stanislaus,0.47100000000000003,704.0,486
484,484,487th,Soulsbyville Elementary,K-8,1,0,0,0,Soulsbyville,Tuolumne,0.47100000000000003,327.0,487
485,485,488th,Lakeside Union,K-8,2,0,0,0,Bakersfield,Kern,0.47,595.0,488
486,486,489th,Black Oak Mine Unified,K-12,3,0,2,1,Georgetown,El Dorado,0.469,441.0,489
487,487,490th,Lemon Grove,K-8,6,0,0,0,Lemon Grove,San Diego,0.469,557.0,490
488,488,491st,Sierra Unified,K-12,4,1,2,0,Prather,Fresno,0.466,407.0,491
489,489,492nd,McKinleyville Union Elementary,K-8,2,1,0,0,McKinleyville,Humboldt,0.465,431.0,492
490,490,493rd,Winters Joint Unified,K-12,1,1,2,0,Winters,Yolo,0.465,502.0,493
491,491,494th,Fortuna Elementary,K-8,3,2,0,0,Fortuna,Humboldt,0.46399999999999997,542.0,494
492,492,495th,Waukena Joint Union Elementary,K-8,1,0,0,0,Tulare,Tulare,0.462,592.0,495
493,493,496th,National Elementary,K-8,12,0,0,0,National City,San Diego,0.461,582.0,496
494,494,497th,Willits Unified,K-12,4,1,2,3,Willits,Mendocino,0.46,,497
495,495,498th,Tehama County Department Of Education,K-12,1,0,0,3,Red Bluff,Tehama,0.46,788.0,498
496,496,499th,Norwalk-La Mirada Unified,K-12,17,6,4,0,Norwalk,Los Angeles,0.45899999999999996,510.0,499
497,497,500th,El Dorado County Office Of Education,K-12,1,0,1,4,Placerville,El Dorado,0.45899999999999996,487.0,500
498,498,501st,Aromas/San Juan Unified,K-12,2,0,1,0,San Juan Bautista,San Benito,0.45799999999999996,496.0,501
499,499,502nd,Yreka Union High,9-12,0,0,3,0,Yreka,Siskiyou,0.456,478.0,502
500,500,503rd,Merced River Union Elementary,K-8,1,0,0,0,Winton,Merced,0.456,381.0,503
501,501,504th,Escondido Union,K-8,21,6,0,0,Escondido,San Diego,0.45399999999999996,556.0,504
502,502,505th,Lincoln Unified,K-12,9,1,2,0,Stockton,San Joaquin,0.45399999999999996,455.0,505
503,503,506th,Springville Union Elementary,K-8,1,0,0,0,Springville,Tulare,0.45299999999999996,356.0,506
504,504,507th,Waterford Unified,K-12,2,1,2,1,Waterford,Stanislaus,0.45299999999999996,488.0,507
505,505,508th,Oceanside Unified,K-12,17,4,3,1,Oceanside,San Diego,0.452,513.0,508
506,506,509th,Mission Union Elementary,K-8,1,0,0,0,Soledad,Monterey,0.452,535.0,509
507,507,510th,Santa Rosa High,5-12,0,6,8,0,Santa Rosa,Sonoma,0.452,551.0,510
508,508,511th,Visalia Unified,K-12,27,5,8,1,Visalia,Tulare,0.451,491.0,511
509,509,512th,Salida Union Elementary,K-8,6,1,0,0,Salida,Stanislaus,0.45,559.0,512
510,510,513th,Lodi Unified,K-12,35,7,9,2,Lodi,San Joaquin,0.45,549.0,513
511,511,514th,Bassett Unified,K-12,4,1,2,0,La Puente,Los Angeles,0.45,616.0,514
512,512,515th,Los Nietos,K-8,3,1,0,0,Whittier,Los Angeles,0.45,590.0,515
513,513,516th,Cuddeback Union Elementary,K-8,1,0,0,0,Carlotta,Humboldt,0.449,641.0,516
514,514,517th,Cinnabar Elementary,K-8,2,0,0,0,Petaluma,Sonoma,0.449,411.0,517
515,515,518th,Nuview Union,K-12,2,1,1,2,Nuevo,Riverside,0.449,602.0,518
516,516,519th,Grenada Elementary,K-8,1,0,0,0,Grenada,Siskiyou,0.44799999999999995,519.0,519
517,517,520th,Dehesa Elementary,K-12,3,0,0,5,El Cajon,San Diego,0.44799999999999995,358.0,520
518,518,521st,Natomas Unified,K-12,10,3,4,2,Sacramento,Sacramento,0.44799999999999995,408.0,521
519,519,522nd,Brawley Union High,9-12,0,0,3,0,Brawley,Imperial,0.447,679.0,522
520,520,523rd,Pasadena Unified,K-12,20,5,4,4,Pasadena,Los Angeles,0.447,566.0,523
521,521,524th,Romoland Elementary,K-8,4,1,0,0,Homeland,Riverside,0.446,623.0,524
522,522,525th,Firebaugh-Las Deltas Unified,K-12,2,1,2,1,Firebaugh,Fresno,0.445,656.0,525
523,523,526th,Tracy Joint Unified,K-12,12,3,7,0,Tracy,San Joaquin,0.445,554.0,526
524,524,527th,Cajon Valley Union,K-8,22,7,0,0,El Cajon,San Diego,0.445,473.0,527
525,525,528th,Tehachapi Unified,K-12,3,1,2,0,Tehachapi,Kern,0.445,435.0,528
526,526,529th,Black Butte Union Elementary,K-8,1,1,0,0,Shingletown,Shasta,0.444,400.0,529
527,527,530th,Kerman Unified,K-12,4,1,2,0,Kerman,Fresno,0.44299999999999995,594.0,530
528,528,531st,Alum Rock Union Elementary,K-8,17,10,0,0,San Jose,Santa Clara,0.44299999999999995,572.0,531
529,529,532nd,Lompoc Unified,K-12,11,2,4,0,Lompoc,Santa Barbara,0.44299999999999995,530.0,532
530,530,533rd,Monterey Peninsula Unified,K-12,13,4,6,0,Monterey,Monterey,0.44299999999999995,578.0,533
531,531,534th,Red Bluff Union Elementary,K-8,4,2,0,0,Red Bluff,Tehama,0.442,484.0,534
532,532,535th,Windsor Unified,K-12,5,1,2,1,Windsor,Sonoma,0.442,493.0,535
533,533,536th,Sausalito Marin City,K-8,2,0,0,0,Sausalito,Marin,0.436,444.0,536
534,534,537th,Orange County Department Of Education,K-12,3,1,4,6,Costa Mesa,Orange,0.436,658.0,537
535,535,538th,Dunsmuir Elementary,K-8,1,0,0,0,Dunsmuir,Siskiyou,0.435,586.0,538
536,536,539th,Fallbrook Union High,9-12,0,0,3,0,Fallbrook,San Diego,0.433,429.0,539
537,537,540th,Dixon Unified,K-12,4,1,3,0,Dixon,Solano,0.433,619.0,540
538,538,541st,Hanford Joint Union High,9-12,0,0,6,0,Hanford,Kings,0.43200000000000005,451.0,541
539,539,542nd,Briggs Elementary,K-8,1,1,0,0,Santa Paula,Ventura,0.43200000000000005,562.0,542
540,540,543rd,Paradise Unified,K-12,7,2,4,1,Paradise,Butte,0.43200000000000005,538.0,543
541,541,544th,Linden Unified,K-12,3,1,2,0,Linden,San Joaquin,0.431,480.0,544
542,542,545th,Washington Unified,K-12,10,0,2,3,West Sacramento,Yolo,0.429,597.0,545
543,543,546th,Lakeport Unified,K-12,2,0,2,2,Lakeport,Lake,0.428,396.0,546
544,544,547th,Fairfield-Suisun Unified,K-12,19,3,4,3,Fairfield,Solano,0.428,596.0,547
545,545,548th,Pacheco Union Elementary,K-8,2,0,0,0,Redding,Shasta,0.428,526.0,548
546,546,549th,Merced Union High,9-12,0,0,9,0,Atwater,Merced,0.428,458.0,549
547,547,550th,Bear Valley Unified,K-12,4,1,2,0,Big Bear Lake,San Bernardino,0.425,614.0,550
548,548,551st,San Juan Unified,K-12,47,8,12,8,Carmichael,Sacramento,0.424,520.0,551
549,549,552nd,Mountain Empire Unified,K-12,4,3,4,5,Pine Valley,San Diego,0.424,518.0,552
550,550,553rd,Duarte Unified,K-12,5,1,3,0,Duarte,Los Angeles,0.424,503.0,553
551,551,554th,Liberty Elementary,K-8,1,0,0,0,Tulare,Tulare,0.423,667.0,554
552,552,555th,San Benito High,9-12,0,0,2,0,Hollister,San Benito,0.423,521.0,555
553,553,556th,Tulare Joint Union High,9-12,0,0,7,0,Tulare,Tulare,0.42100000000000004,536.0,556
554,554,557th,Newman-Crows Landing Unified,K-12,4,1,3,1,Newman,Stanislaus,0.42,613.0,557
555,555,558th,Kings River Union Elementary,K-8,1,0,0,0,Kingsburg,Fresno,0.42,627.0,558
556,556,559th,Los Angeles Unified,K-12,597,141,216,56,Los Angeles,Los Angeles,0.419,584.0,559
557,557,560th,Sonora Union High,9-12,0,0,3,0,Sonora,Tuolumne,0.41700000000000004,571.0,560
558,558,561st,Ukiah Unified,K-12,8,2,3,2,Ukiah,Mendocino,0.415,543.0,561
559,559,562nd,Southern Humboldt Joint Unified,K-12,4,1,2,1,Miranda,Humboldt,0.414,544.0,562
560,560,563rd,Bishop Unified,K-12,3,2,4,1,Bishop,Inyo,0.413,553.0,563
561,561,564th,Gorman Joint,K-12,1,0,0,1,Gorman,Kern,0.413,577.0,564
562,562,565th,Morongo Unified,K-12,11,2,3,0,Twentynine Palms,San Bernardino,0.413,533.0,565
563,563,566th,Lemoore Union High,9-12,0,0,3,0,Lemoore,Kings,0.41100000000000003,492.0,566
564,564,567th,Mount Pleasant Elementary,K-8,4,1,0,0,San Jose,Santa Clara,0.41100000000000003,463.0,567
565,565,568th,Central Unified,K-12,15,3,3,1,Fresno,Fresno,0.41,630.0,568
566,566,569th,Shandon Joint Unified,K-12,2,0,2,0,Shandon,San Luis Obispo,0.409,454.0,569
567,567,570th,Antelope Valley Union High,7-12,0,0,15,0,Lancaster,Los Angeles,0.409,605.0,570
568,568,571st,Yuba City Unified,K-12,13,1,3,2,Yuba City,Sutter,0.409,547.0,571
569,569,572nd,Marysville Joint Unified,K-12,15,3,5,0,Marysville,Yuba,0.408,598.0,572
570,570,573rd,Kern High,9-12,0,0,24,0,Bakersfield,Kern,0.408,527.0,573
571,571,574th,Escalon Unified,K-12,4,1,2,1,Escalon,San Joaquin,0.406,638.0,574
572,572,575th,Plainsburg Union Elementary,K-8,1,0,0,0,Merced,Merced,0.405,600.0,575
573,573,576th,Tulelake Basin Joint Unified,K-12,1,0,2,0,Tulelake,Siskiyou,0.40399999999999997,481.0,576
574,574,577th,El Centro Elementary,K-8,12,2,0,0,El Centro,Imperial,0.402,662.0,577
575,575,578th,Empire Union Elementary,K-8,5,1,0,0,Modesto,Stanislaus,0.401,664.0,578
576,576,579th,Cloverdale Unified,K-12,1,1,2,1,Cloverdale,Sonoma,0.4,446.0,579
577,577,580th,Exeter Unified,K-12,2,1,2,1,Exeter,Tulare,0.4,537.0,580
578,578,581st,Seeley Union Elementary,K-8,1,0,0,0,Seeley,Imperial,0.39899999999999997,631.0,581
579,579,582nd,Victor Valley Union High,7-12,0,1,8,1,Victorville,San Bernardino,0.397,629.0,582
580,580,583rd,Perris Union High,5-12,0,1,6,1,Perris,Riverside,0.397,635.0,583
581,581,584th,Val Verde Unified,K-12,12,4,4,2,Perris,Riverside,0.396,558.0,584
582,582,585th,Oakley Union Elementary,K-8,6,2,0,0,Oakley,Contra Costa,0.395,636.0,585
583,583,586th,John Swett Unified,K-12,1,1,1,1,Rodeo,Contra Costa,0.39299999999999996,587.0,586
584,584,587th,Wasco Union High,9-12,0,0,2,0,Wasco,Kern,0.39299999999999996,612.0,587
585,585,588th,Lone Pine Unified,K-12,1,0,2,0,Lone Pine,Inyo,0.392,437.0,588
586,586,589th,Lake Elsinore Unified,K-12,15,4,4,1,Lake Elsinore,Riverside,0.392,583.0,589
587,587,590th,Ontario-Montclair,K-8,26,6,0,0,Ontario,San Bernardino,0.391,693.0,590
588,588,591st,Lucerne Valley Unified,K-12,1,1,2,2,Lucerne Valley,San Bernardino,0.39,561.0,591
589,589,592nd,Manteca Unified,K-12,21,0,9,0,Manteca,San Joaquin,0.39,637.0,592
590,590,593rd,Acton-Agua Dulce Unified,K-12,4,1,4,8,Acton,Los Angeles,0.389,548.0,593
591,591,594th,Palm Springs Unified,K-12,16,5,5,1,Palm Springs,Riverside,0.389,643.0,594
592,592,595th,Chatom Union,K-8,1,1,0,0,Turlock,Stanislaus,0.38799999999999996,485.0,595
593,593,596th,Sacramento City Unified,K-12,60,7,13,2,Sacramento,Sacramento,0.38799999999999996,608.0,596
594,594,597th,Shaffer Union Elementary,K-8,1,0,0,0,Litchfield,Lassen,0.384,504.0,597
595,595,598th,Woodland Joint Unified,K-12,12,2,3,0,Woodland,Yolo,0.381,570.0,598
596,596,599th,Paramount Unified,K-12,12,3,3,0,Paramount,Los Angeles,0.381,618.0,599
597,597,600th,Oroville Union High,9-12,0,0,4,0,Oroville,Butte,0.38,689.0,600
598,598,601st,South Bay Union,K-8,11,0,0,0,Imperial Beach,San Diego,0.37799999999999995,610.0,601
599,599,602nd,Pierce Joint Unified,K-12,2,1,2,0,Arbuckle,Colusa,0.37799999999999995,647.0,602
600,600,603rd,Pomona Unified,K-12,27,4,9,2,Pomona,Los Angeles,0.377,632.0,603
601,601,604th,Gateway Unified,K-12,5,0,3,2,Redding,Shasta,0.376,560.0,604
602,602,605th,Bellevue Union,K-12,4,0,0,1,Santa Rosa,Sonoma,0.376,686.0,605
603,603,606th,Hamilton Unified,K-12,1,0,3,0,Hamilton City,Glenn,0.37200000000000005,655.0,606
604,604,607th,Apple Valley Unified,K-12,10,0,2,2,Apple Valley,San Bernardino,0.37200000000000005,591.0,607
605,605,608th,El Rancho Unified,K-12,8,3,3,0,Pico Rivera,Los Angeles,0.37200000000000005,634.0,608
606,606,609th,Janesville Union Elementary,K-8,1,0,0,0,Janesville,Lassen,0.371,482.0,609
607,607,610th,Alvord Unified,K-12,15,4,5,1,Corona,Riverside,0.371,646.0,610
608,608,611th,La Habra City Elementary,K-8,7,2,0,0,La Habra,Orange,0.369,645.0,611
609,609,612th,Helendale Elementary,K-12,1,1,1,3,Helendale,San Bernardino,0.369,419.0,612
610,610,613th,Meadows Union Elementary,K-8,1,0,0,0,El Centro,Imperial,0.368,640.0,613
611,611,614th,Santa Maria Joint Union High,9-12,0,0,4,0,Santa Maria,Santa Barbara,0.365,611.0,614
612,612,615th,West Contra Costa Unified,K-12,40,8,11,2,Richmond,Contra Costa,0.365,639.0,615
613,613,616th,Hemet Unified,K-12,15,4,8,1,Hemet,Riverside,0.364,609.0,616
614,614,617th,San Leandro Unified,K-12,8,2,2,0,San Leandro,Alameda,0.364,621.0,617
615,615,618th,Azusa Unified,K-12,12,3,3,0,Azusa,Los Angeles,0.364,681.0,618
616,616,619th,Tulare County Office Of Education,K-12,0,0,4,3,Visalia,Tulare,0.36200000000000004,568.0,619
617,617,620th,Golden Feather Union Elementary,K-12,1,0,0,1,Oroville,Butte,0.36,708.0,620
618,618,621st,Riverdale Joint Unified,K-12,2,0,2,0,Riverdale,Fresno,0.36,620.0,621
619,619,622nd,San Jacinto Unified,K-12,7,3,2,2,San Jacinto,Riverside,0.359,625.0,622
620,620,623rd,Salinas Union High,7-12,0,4,7,0,Salinas,Monterey,0.359,671.0,623
621,621,624th,Valley Home Joint Elementary,K-8,1,0,0,0,Valley Home,Stanislaus,0.359,669.0,624
622,622,625th,Mountain View Elementary,K-8,10,2,0,0,El Monte,Los Angeles,0.359,654.0,625
623,623,626th,Hayward Unified,K-12,23,5,7,1,Hayward,Alameda,0.35600000000000004,665.0,626
624,624,627th,Jamestown Elementary,K-12,2,0,0,1,Jamestown,Tuolumne,0.35600000000000004,563.0,627
625,625,628th,Reeds Creek Elementary,K-8,1,0,0,0,Red Bluff,Tehama,0.35600000000000004,550.0,628
626,626,629th,Turlock Unified,K-12,9,2,4,1,Turlock,Stanislaus,0.35600000000000004,588.0,629
627,627,630th,Piner-Olivet Union Elementary,K-12,3,1,1,0,Santa Rosa,Sonoma,0.355,624.0,630
628,628,631st,Modoc Joint Unified,K-12,2,1,2,1,Alturas,Modoc,0.355,508.0,631
629,629,632nd,New Jerusalem Elementary,K-12,5,1,0,8,Tracy,San Joaquin,0.354,759.0,632
630,630,633rd,Brawley Elementary,K-8,4,1,0,0,Brawley,Imperial,0.353,749.0,633
631,631,634th,Ceres Unified,K-12,15,3,4,3,Ceres,Stanislaus,0.35100000000000003,603.0,634
632,632,635th,Monson-Sultana Joint Union Elementary,K-8,1,0,0,0,Dinuba,Tulare,0.35100000000000003,691.0,635
633,633,636th,Weaver Union,K-8,2,1,0,0,Merced,Merced,0.35,668.0,636
634,634,637th,Palo Verde Union Elementary,K-8,1,0,0,0,Tulare,Tulare,0.349,500.0,637
635,635,638th,Sonoma Valley Unified,K-12,7,2,2,0,Sonoma,Sonoma,0.349,555.0,638
636,636,639th,Oakland Unified,K-12,73,17,22,13,Oakland,Alameda,0.349,678.0,639
637,637,640th,Rim Of The World Unified,K-12,4,1,2,0,Lake Arrowhead,San Bernardino,0.349,604.0,640
638,638,641st,Luther Burbank,K-8,1,0,0,0,San Jose,Santa Clara,0.348,552.0,641
639,639,642nd,Belleview Elementary,K-8,1,0,0,0,Sonora,Tuolumne,0.34700000000000003,475.0,642
640,640,643rd,Jurupa Unified,K-12,16,3,6,0,Riverside,Riverside,0.34600000000000003,660.0,643
641,641,644th,Baldwin Park Unified,K-12,13,4,4,1,Baldwin Park,Los Angeles,0.345,649.0,644
642,642,645th,Maple Elementary,K-8,1,0,0,0,Shafter,Kern,0.344,864.0,645
643,643,646th,Johnstonville Elementary,K-8,1,0,0,0,Susanville,Lassen,0.34299999999999997,483.0,646
644,644,647th,San Lorenzo Unified,K-12,9,4,5,0,San Lorenzo,Alameda,0.342,644.0,647
645,645,648th,Selma Unified,K-12,8,1,3,0,Selma,Fresno,0.341,666.0,648
646,646,649th,Woodlake Unified,K-12,2,1,3,0,Woodlake,Tulare,0.341,687.0,649
647,647,650th,Colton Joint Unified,K-12,18,4,4,1,Colton,San Bernardino,0.34,672.0,650
648,648,651st,Cutler-Orosi Joint Unified,K-12,3,1,3,1,Orosi,Tulare,0.33899999999999997,709.0,651
649,649,652nd,Porterville Unified,K-12,10,3,8,1,Porterville,Tulare,0.33899999999999997,684.0,652
650,650,653rd,Los Banos Unified,K-12,9,2,3,1,Los Banos,Merced,0.33899999999999997,711.0,653
651,651,654th,Edison Elementary,K-8,1,1,0,0,Bakersfield,Kern,0.337,682.0,654
652,652,655th,Rockford Elementary,K-8,1,0,0,0,Porterville,Tulare,0.336,607.0,655
653,653,656th,El Nido Elementary,K-8,1,0,0,0,El Nido,Merced,0.336,722.0,656
654,654,657th,Dinuba Unified,K-12,6,1,2,1,Dinuba,Tulare,0.335,694.0,657
655,655,658th,Pond Union Elementary,K-8,1,0,0,0,Wasco,Kern,0.33399999999999996,281.0,658
656,656,659th,Tipton Elementary,K-8,1,0,0,0,Tipton,Tulare,0.33299999999999996,633.0,659
657,657,660th,San Diego County Office Of Education,K-12,1,0,1,6,San Diego,San Diego,0.331,705.0,660
658,658,661st,San Ysidro Elementary,K-8,6,1,0,0,San Ysidro,San Diego,0.33,626.0,661
659,659,662nd,Le Grand Union High,9-12,0,0,2,0,Le Grand,Merced,0.32899999999999996,495.0,662
660,660,663rd,Livingston Union,K-8,3,1,0,0,Livingston,Merced,0.327,698.0,663
661,661,664th,Calaveras Unified,K-12,6,1,2,1,San Andreas,Calaveras,0.327,575.0,664
662,662,665th,Los Angeles County Office Of Education,K-12,4,3,26,7,Downey,Los Angeles,0.326,733.0,665
663,663,666th,Bakersfield City,K-8,34,9,0,0,Bakersfield,Kern,0.326,742.0,666
664,664,667th,Borrego Springs Unified,K-12,1,1,3,1,Borrego Springs,San Diego,0.32299999999999995,490.0,667
665,665,668th,Mendota Unified,K-12,3,1,3,0,Mendota,Fresno,0.322,754.0,668
666,666,669th,Los Molinos Unified,K-12,2,0,1,1,Los Molinos,Tehama,0.321,382.0,669
667,667,670th,Burton Elementary,K-12,5,1,0,2,Porterville,Tulare,0.32,670.0,670
668,668,671st,Cucamonga Elementary,K-8,3,1,0,0,Rancho Cucamonga,San Bernardino,0.318,648.0,671
669,669,672nd,South Monterey County Joint Union High,9-12,0,0,4,0,King City,Monterey,0.318,663.0,672
670,670,673rd,Patterson Joint Unified,K-12,5,1,2,1,Patterson,Stanislaus,0.317,696.0,673
671,671,674th,Kelseyville Unified,K-12,2,2,3,0,Kelseyville,Lake,0.315,755.0,674
672,672,675th,Arena Union Elementary,K-12,1,0,0,1,Point Arena,Mendocino,0.315,498.0,675
673,673,676th,Santa Paula Unified,K-12,6,1,2,0,Santa Paula,Ventura,0.313,726.0,676
674,674,677th,Riverbank Unified,K-12,3,1,2,0,Riverbank,Stanislaus,0.312,723.0,677
675,675,678th,Santa Rosa Elementary,K-8,14,0,0,0,Santa Rosa,Sonoma,0.311,585.0,678
676,676,679th,Auburn Union Elementary,K-8,4,1,0,0,Auburn,Placer,0.31,516.0,679
677,677,680th,Trona Joint Unified,K-12,1,0,1,1,Trona,San Bernardino,0.309,719.0,680
678,678,681st,Washington Colony Elementary,K-8,1,0,0,0,Fresno,Fresno,0.309,680.0,681
679,679,682nd,Antioch Unified,K-12,16,4,6,1,Antioch,Contra Costa,0.309,661.0,682
680,680,683rd,Merced City Elementary,K-8,15,4,0,0,Merced,Merced,0.309,701.0,683
681,681,684th,Victor Elementary,K-6,17,0,0,0,Victorville,San Bernardino,0.306,677.0,684
682,682,685th,Santa Ana Unified,K-12,39,9,12,0,Santa Ana,Orange,0.305,688.0,685
683,683,686th,Cuyama Joint Unified,K-12,1,0,2,1,New Cuyama,Santa Barbara,0.305,810.0,686
684,684,687th,Delhi Unified,K-12,3,1,3,0,Delhi,Merced,0.304,650.0,687
685,685,688th,Taft Union High,9-12,0,0,2,0,Taft,Kern,0.304,718.0,688
686,686,689th,Fresno Unified,K-12,71,15,17,3,Fresno,Fresno,0.304,736.0,689
687,687,690th,Dunsmuir Joint Union High,9-12,0,0,2,0,Dunsmuir,Siskiyou,0.303,569.0,690
688,688,691st,Pajaro Valley Unified,K-12,19,6,6,2,Watsonville,Santa Cruz,0.303,683.0,691
689,689,692nd,Delano Union Elementary,K-8,9,3,0,0,Delano,Kern,0.303,710.0,692
690,690,693rd,Centinela Valley Union High,9-12,0,0,8,0,Lawndale,Los Angeles,0.303,747.0,693
691,691,694th,Compton Unified,K-12,24,10,6,1,Compton,Los Angeles,0.302,706.0,694
692,692,695th,Loleta Union Elementary,K-12,1,0,0,1,Loleta,Humboldt,0.301,825.0,695
693,693,696th,Big Valley Joint Unified,K-12,1,0,1,0,Bieber,Lassen,0.301,795.0,696
694,694,697th,Del Norte County Unified,K-12,8,1,2,0,Crescent City,Del Norte,0.301,685.0,697
695,695,698th,Madera Unified,K-12,20,3,5,1,Madera,Madera,0.298,731.0,698
696,696,699th,Oroville City Elementary,K-8,7,1,0,0,Oroville,Butte,0.297,753.0,699
697,697,700th,Rio Elementary,K-8,6,2,0,0,Oxnard,Ventura,0.29600000000000004,716.0,700
698,698,701st,Eureka City Schools,K-12,4,2,2,0,Eureka,Humboldt,0.29600000000000004,652.0,701
699,699,702nd,South Whittier Elementary,K-8,6,1,0,0,Whittier,Los Angeles,0.295,735.0,702
700,700,703rd,Robla Elementary,K-12,5,0,0,1,Sacramento,Sacramento,0.294,676.0,703
701,701,704th,Burrel Union Elementary,K-8,1,0,0,0,Riverdale,Fresno,0.294,816.0,704
702,702,705th,Hesperia Unified,K-12,17,3,9,1,Hesperia,San Bernardino,0.294,721.0,705
703,703,706th,Alpaugh Unified,K-12,1,0,2,1,Alpaugh,Tulare,0.294,712.0,706
704,704,707th,Kit Carson Union Elementary,K-12,2,0,0,1,Hanford,Kings,0.293,714.0,707
705,705,708th,Monroe Elementary,K-8,1,0,0,0,Fresno,Fresno,0.292,525.0,708
706,706,709th,Alameda County Office Of Education,K-12,5,1,1,2,Hayward,Alameda,0.28800000000000003,746.0,709
707,707,710th,Twin Rivers Unified,K-12,31,6,10,7,McClellan,Sacramento,0.28800000000000003,715.0,710
708,708,711th,Corning Union Elementary,K-8,5,1,0,0,Corning,Tehama,0.287,798.0,711
709,709,712th,Lynwood Unified,K-12,12,3,5,0,Lynwood,Los Angeles,0.28600000000000003,739.0,712
710,710,713th,Montebello Unified,K-12,18,6,6,0,Montebello,Los Angeles,0.284,729.0,713
711,711,714th,San Bernardino City Unified,K-12,60,10,13,5,San Bernardino,San Bernardino,0.28300000000000003,744.0,714
712,712,715th,Lakeside Union Elementary,K-8,1,0,0,0,Hanford,Kings,0.28300000000000003,690.0,715
713,713,716th,Inglewood Unified,K-12,16,5,5,0,Inglewood,Los Angeles,0.282,699.0,716
714,714,717th,Potter Valley Community Unified,K-12,1,1,2,0,Potter Valley,Mendocino,0.282,673.0,717
715,715,718th,Valley Center-Pauma Unified,K-12,4,1,2,1,Valley Center,San Diego,0.28,697.0,718
716,716,719th,Tuolumne County Superintendent Of Schools,K-12,1,0,0,3,Sonora,Tuolumne,0.275,,719
717,717,720th,Kern County Office Of Education,K-12,1,0,0,5,Bakersfield,Kern,0.272,745.0,720
718,718,721st,Fontana Unified,K-12,30,7,7,0,Fontana,San Bernardino,0.272,702.0,721
719,719,722nd,South Fork Union,K-8,1,0,0,0,Weldon,Kern,0.272,833.0,722
720,720,723rd,Stanislaus County Office Of Education,K-12,1,0,4,3,Modesto,Stanislaus,0.271,783.0,723
721,721,724th,Thermalito Union Elementary,K-8,5,1,0,0,Oroville,Butte,0.271,752.0,724
722,722,725th,San Antonio Union Elementary,K-8,1,0,0,0,Lockwood,Monterey,0.27,466.0,725
723,723,726th,State Board Of Education - Ridgecrest Charter,K-8,1,0,0,0,Ridgecrest,Kern,0.27,412.0,726
724,724,728th,Santa Rita Union Elementary,K-8,4,2,0,0,Salinas,Monterey,0.267,743.0,728
725,725,729th,Perris Elementary,K-8,8,0,0,0,Perris,Riverside,0.266,725.0,729
726,726,730th,Washington Unified,K-12,2,1,4,1,Fresno,Fresno,0.266,790.0,730
727,727,731st,Barstow Unified,K-12,7,2,3,0,Barstow,San Bernardino,0.266,770.0,731
728,728,732nd,Strathmore Union Elementary,K-8,2,0,0,0,Strathmore,Tulare,0.264,801.0,732
729,729,733rd,Laton Joint Unified,K-12,1,1,1,0,Laton,Fresno,0.261,720.0,733
730,730,734th,Needles Unified,K-12,2,1,2,1,Needles,San Bernardino,0.26,695.0,734
731,731,735th,Bayshore Elementary,K-8,1,1,0,0,Daly City,San Mateo,0.259,651.0,735
732,732,736th,Pine Ridge Elementary,K-8,1,0,0,0,Auberry,Fresno,0.259,204.0,736
733,733,737th,Gustine Unified,K-12,2,1,2,0,Gustine,Merced,0.257,730.0,737
734,734,738th,Kernville Union Elementary,K-8,2,2,0,0,Lake Isabella,Kern,0.257,601.0,738
735,735,739th,Pittsburg Unified,K-12,8,3,2,0,Pittsburg,Contra Costa,0.256,674.0,739
736,736,740th,Orland Joint Unified,K-12,2,1,3,0,Orland,Glenn,0.256,727.0,740
737,737,741st,Blue Lake Union Elementary,K-8,1,0,0,0,Blue Lake,Humboldt,0.255,546.0,741
738,738,742nd,Chowchilla Union High,9-12,0,0,2,0,Chowchilla,Madera,0.255,461.0,742
739,739,743rd,Tulare City,K-8,12,5,0,0,Tulare,Tulare,0.253,703.0,743
740,740,744th,Montague Elementary,K-8,1,0,0,0,Montague,Siskiyou,0.253,617.0,744
741,741,745th,Vallejo City Unified,K-12,17,4,5,0,Vallejo,Solano,0.253,741.0,745
742,742,746th,Richland Union Elementary,K-8,3,1,0,0,Shafter,Kern,0.251,786.0,746
743,743,747th,Lindsay Unified,K-12,6,0,3,1,Lindsay,Tulare,0.251,757.0,747
744,744,748th,Rialto Unified,K-12,19,5,5,0,Rialto,San Bernardino,0.25,713.0,748
745,745,749th,Keppel Union Elementary,K-8,6,1,0,0,Pearblossom,Los Angeles,0.247,750.0,749
746,746,750th,Beardsley Elementary,K-8,3,1,0,0,Bakersfield,Kern,0.24600000000000002,700.0,750
747,747,751st,Willows Unified,K-12,1,1,2,0,Willows,Glenn,0.244,732.0,751
748,748,752nd,Moreno Valley Unified,K-12,23,6,8,2,Moreno Valley,Riverside,0.239,773.0,752
749,749,753rd,Hilmar Unified,K-12,2,1,3,0,Hilmar,Merced,0.23800000000000002,748.0,753
750,750,754th,Modesto City Elementary,K-8,22,4,0,0,Modesto,Stanislaus,0.23600000000000002,766.0,754
751,751,755th,Pacific Union Elementary,K-8,1,0,0,0,Fresno,Fresno,0.23600000000000002,769.0,755
752,752,756th,Soledad Unified,K-12,5,1,2,0,Soledad,Monterey,0.23399999999999999,738.0,756
753,753,757th,Orange Center,K-12,2,0,0,1,Fresno,Fresno,0.23199999999999998,787.0,757
754,754,758th,Point Arena Joint Union High,9-12,0,0,2,0,Point Arena,Mendocino,0.22899999999999998,657.0,758
755,755,759th,Lamont Elementary,K-8,3,1,0,0,Lamont,Kern,0.228,794.0,759
756,756,760th,Elk Hills Elementary,K-8,1,0,0,0,Tupman,Kern,0.228,839.0,760
757,757,761st,State Board Of Education - Barack Obama Charter,K-5,1,0,0,0,Los Angeles,Los Angeles,0.228,834.0,761
758,758,762nd,Armona Union Elementary,K-12,1,1,0,2,Armona,Kings,0.226,765.0,762
759,759,763rd,Maricopa Unified,K-12,3,1,2,1,Maricopa,Kern,0.225,778.0,763
760,760,764th,Weed Union Elementary,K-8,1,0,0,0,Weed,Siskiyou,0.225,832.0,764
761,761,765th,Esparto Unified,K-12,1,1,2,0,Esparto,Yolo,0.22399999999999998,717.0,765
762,762,766th,Ducor Union Elementary,K-8,1,0,0,0,Ducor,Tulare,0.223,800.0,766
763,763,767th,Emery Unified,K-12,1,0,1,0,Emeryville,Alameda,0.223,728.0,767
764,764,768th,Stockton Unified,K-12,47,0,10,5,Stockton,San Joaquin,0.223,768.0,768
765,765,769th,North Monterey County Unified,K-12,4,1,2,1,Moss Landing,Monterey,0.223,751.0,769
766,766,770th,Dos Palos Oro Loma Joint Unified,K-12,2,1,3,0,Dos Palos,Merced,0.223,763.0,770
767,767,771st,Red Bluff Joint Union High,9-12,0,0,2,0,Red Bluff,Tehama,0.222,659.0,771
768,768,772nd,Alisal Union,K-6,13,0,0,0,Salinas,Monterey,0.221,815.0,772
769,769,773rd,Anaheim Elementary,K-6,25,0,0,0,Anaheim,Orange,0.221,760.0,773
770,770,774th,Amador County Office Of Education,K-12,0,1,0,2,Jackson,Amador,0.22,,774
771,771,775th,Le Grand Union Elementary,K-8,1,0,0,0,Le Grand,Merced,0.21899999999999997,789.0,775
772,772,776th,Palmdale Elementary,K-12,23,4,0,3,Palmdale,Los Angeles,0.218,734.0,776
773,773,777th,Riverside County Office Of Education,K-12,1,0,5,3,Riverside,Riverside,0.217,776.0,777
774,774,778th,Westmorland Union Elementary,K-8,1,0,0,0,Westmorland,Imperial,0.21600000000000003,841.0,778
775,775,779th,Arvin Union,K-8,3,1,0,0,Arvin,Kern,0.215,799.0,779
776,776,780th,Fillmore Unified,K-12,4,1,2,1,Fillmore,Ventura,0.215,780.0,780
777,777,781st,Hueneme Elementary,K-8,9,2,0,0,Port Hueneme,Ventura,0.214,762.0,781
778,778,782nd,Hope Elementary,K-8,1,0,0,0,Porterville,Tulare,0.214,807.0,782
779,779,783rd,McFarland Unified,K-12,3,1,3,0,Mc Farland,Kern,0.213,779.0,783
780,780,784th,Palo Verde Unified,K-12,3,1,2,0,Blythe,Riverside,0.21100000000000002,797.0,784
781,781,785th,Oro Grande Elementary,K-12,1,0,0,2,Oro Grande,San Bernardino,0.209,771.0,785
782,782,786th,New Hope Elementary,K-8,1,0,0,0,Thornton,San Joaquin,0.207,737.0,786
783,783,787th,Biggs Unified,K-12,2,0,2,0,Biggs,Butte,0.205,767.0,787
784,784,788th,King City Union,K-8,3,2,0,0,King City,Monterey,0.203,784.0,788
785,785,789th,Gonzales Unified,K-12,1,1,2,0,Gonzales,Monterey,0.20199999999999999,775.0,789
786,786,790th,Mendocino County Office Of Education,K-12,0,0,1,2,Ukiah,Mendocino,0.201,740.0,790
787,787,791st,Golden Plains Unified,K-12,4,0,2,0,San Joaquin,Fresno,0.201,777.0,791
788,788,792nd,Corning Union High,9-12,0,0,2,0,Corning,Tehama,0.19899999999999998,724.0,792
789,789,793rd,Elverta Joint Elementary,K-12,1,1,0,1,Elverta,Sacramento,0.198,772.0,793
790,790,794th,Di Giorgio Elementary,K-8,1,0,0,0,Arvin,Kern,0.196,852.0,794
791,791,795th,Southern Kern Unified,K-12,2,1,2,1,Rosamond,Kern,0.195,774.0,795
792,792,796th,Santa Maria-Bonita,K-8,16,4,0,0,Santa Maria,Santa Barbara,0.19399999999999998,796.0,796
793,793,797th,Wilsona Elementary,K-8,2,1,0,0,Palmdale,Los Angeles,0.191,804.0,797
794,794,798th,Salinas City Elementary,K-6,14,0,0,0,Salinas,Monterey,0.187,828.0,798
795,795,799th,Banning Unified,K-12,5,1,2,1,Banning,Riverside,0.18100000000000002,785.0,799
796,796,800th,San Joaquin County Office Of Education,K-12,1,0,1,5,Stockton,San Joaquin,0.179,,800
797,797,801st,Calexico Unified,K-12,7,2,2,0,Calexico,Imperial,0.179,811.0,801
798,798,802nd,Happy Camp Union Elementary,K-8,1,0,0,0,Happy Camp,Siskiyou,0.174,805.0,802
799,799,803rd,Wasco Union Elementary,K-8,4,1,0,0,Wasco,Kern,0.17300000000000001,803.0,803
800,800,804th,Parlier Unified,K-12,4,1,2,0,Parlier,Fresno,0.172,824.0,804
801,801,805th,Coachella Valley Unified,K-12,14,3,5,0,Thermal,Riverside,0.172,802.0,805
802,802,806th,West Park Elementary,K-12,1,0,0,1,Fresno,Fresno,0.17,781.0,806
803,803,807th,Fairfax Elementary,K-8,3,1,0,0,Bakersfield,Kern,0.16899999999999998,840.0,807
804,804,809th,Lancaster Elementary,K-8,18,5,0,0,Lancaster,Los Angeles,0.162,761.0,809
805,805,810th,Earlimart Elementary,K-8,3,1,0,0,Earlimart,Tulare,0.161,847.0,810
806,806,811th,San Pasqual Valley Unified,K-12,1,1,3,0,Winterhaven,Imperial,0.157,838.0,811
807,807,812th,Coalinga-Huron Unified,K-12,5,2,4,0,Coalinga,Fresno,0.151,823.0,812
808,808,813th,Traver Joint Elementary,K-8,1,0,0,0,Traver,Tulare,0.14800000000000002,792.0,813
809,809,814th,Standard Elementary,K-8,3,1,0,0,Bakersfield,Kern,0.14800000000000002,812.0,814
810,810,815th,Greenfield Union Elementary,K-8,3,1,0,0,Greenfield,Monterey,0.146,826.0,815
811,811,816th,Mojave Unified,K-12,3,1,2,0,Mojave,Kern,0.142,813.0,816
812,812,817th,Big Pine Unified,K-12,1,0,1,0,Big Pine,Inyo,0.14,806.0,817
813,813,818th,San Luis Obispo County Office Of Education,K-12,0,0,1,3,San Luis Obispo,San Luis Obispo,0.13699999999999998,793.0,818
814,814,819th,Adelanto Elementary,K-12,11,3,0,2,Adelanto,San Bernardino,0.135,809.0,819
815,815,820th,Fresno County Office Of Education,K-12,1,0,2,5,Fresno,Fresno,0.133,829.0,820
816,816,821st,Konocti Unified,K-12,5,0,2,3,Lower Lake,Lake,0.127,844.0,821
817,817,822nd,Reef-Sunset Unified,K-12,4,1,4,0,Avenal,Kings,0.126,808.0,822
818,818,823rd,Planada Elementary,K-8,1,1,0,0,Planada,Merced,0.12,820.0,823
819,819,824th,Lucerne Elementary,K-8,1,0,0,0,Lucerne,Lake,0.11599999999999999,842.0,824
820,820,825th,Westside Elementary,K-12,1,0,1,2,Five Points,Fresno,0.114,835.0,825
821,821,826th,Eastside Union Elementary,K-8,5,1,0,0,Lancaster,Los Angeles,0.113,821.0,826
822,822,827th,Woodville Union Elementary,K-8,1,0,0,0,Porterville,Tulare,0.113,846.0,827
823,823,828th,Gerber Union Elementary,K-8,1,0,0,0,Gerber,Tehama,0.113,782.0,828
824,824,829th,Raisin City Elementary,K-12,1,0,0,1,Raisin City,Fresno,0.11199999999999999,849.0,829
825,825,830th,Oxnard,K-8,17,3,0,0,Oxnard,Ventura,0.10800000000000001,831.0,830
826,826,831st,Solano County Office Of Education,K-12,0,0,3,1,Fairfield,Solano,0.107,837.0,831
827,827,832nd,Ocean View,K-8,3,1,0,0,Oxnard,Ventura,0.10300000000000001,819.0,832
828,828,833rd,Alpine County Unified,K-12,1,0,1,0,Markleeville,Alpine,0.10300000000000001,,833
829,829,834th,Buttonwillow Union Elementary,K-8,1,0,0,0,Buttonwillow,Kern,0.1,853.0,834
830,830,835th,Ravenswood City Elementary,K-12,6,2,0,1,East Palo Alto,Santa Clara,0.099,817.0,835
831,831,836th,Rio Dell Elementary,K-8,1,1,0,0,Rio Dell,Humboldt,0.098,791.0,836
832,832,837th,Madera County Office Of Education,K-12,0,0,2,3,Madera,Madera,0.08800000000000001,,837
833,833,838th,Stone Corral Elementary,K-12,1,0,0,1,Visalia,Tulare,0.085,856.0,838
834,834,839th,Outside Creek Elementary,K-8,1,0,0,0,Visalia,Tulare,0.084,830.0,839
835,835,840th,Inyo County Office Of Education,K-12,0,0,3,1,Independence,Inyo,0.08,,840
836,836,841st,Sutter County Office Of Education,K-12,0,0,1,1,Yuba City,Sutter,0.079,850.0,841
837,837,842nd,Terra Bella Union Elementary,K-8,1,1,0,0,Terra Bella,Tulare,0.076,862.0,842
838,838,843rd,Pixley Union Elementary,K-8,1,1,0,0,Pixley,Tulare,0.071,859.0,843
839,839,844th,Semitropic Elementary,K-8,1,0,0,0,Wasco,Kern,0.07,855.0,844
840,840,845th,California Education Authority (Cea) Headquarters,8-12,0,0,4,0,Elk Grove,Sacramento,0.066,851.0,845
841,841,846th,Santa Barbara County Office Of Education,K-12,0,0,2,1,Santa Barbara,Santa Barbara,0.064,,846
842,842,847th,Sunnyside Union Elementary,K-8,1,0,0,0,Strathmore,Tulare,0.064,858.0,847
843,843,848th,Lost Hills Union Elementary,K-8,1,1,0,0,Lost Hills,Kern,0.049,857.0,848
844,844,849th,Guadalupe Union Elementary,K-8,1,1,0,0,Guadalupe,Santa Barbara,0.032,854.0,849
845,845,850th,Richgrove Elementary,K-8,1,0,0,0,Richgrove,Tulare,0.027999999999999997,860.0,850
846,846,851st,Vineland Elementary,K-8,1,1,0,0,Bakersfield,Kern,0.023,845.0,851
847,847,852nd,Alta Vista Elementary,K-8,1,0,0,0,Porterville,Tulare,0.022000000000000002,863.0,852
848,848,853rd,Baker Valley Unified,K-12,1,1,1,0,Baker,San Bernardino,0.015,764.0,853
849,849,,Lewiston Elementary,K-8,1,0,0,0,Lewiston,Trinity,,,0
850,850,,Taft City,K-8,5,1,0,0,Taft,Kern,,,0
851,851,,Napa County Office Of Education,K-12,2,0,2,0,Napa,Napa,,,0
852,852,,Mariposa County Office Of Education,K-12,1,0,0,2,Mariposa,Mariposa,,,0
853,853,,Bridgeville Elementary,K-8,1,0,0,0,Bridgeville,Humboldt,,,0
854,854,,Bangor Union Elementary,K-8,1,0,0,0,Bangor,Butte,,,0
855,855,,Linns Valley-Poso Flat Union,K-8,1,0,0,0,Glennville,Kern,,,0
856,856,,Baldy View Regional Occupational Program,9-12,0,0,1,0,Ontario,San Bernardino,,,0
857,857,,Santa Clara County Regional Occupational Program,10-12,0,0,1,0,Sunnyvale,Santa Clara,,,0
858,858,,Glenn County Regional Occupational Program,9-12,0,0,1,0,Willows,Glenn,,,0
859,859,,Lincoln Elementary,K-6,1,0,0,0,Petaluma,Sonoma,,,0
860,860,,Kings County Regional Occupational Program,10-12,0,0,1,0,Lemoore,Kings,,,0
861,861,,Bradley Union Elementary,K-12,1,0,0,1,Bradley,Monterey,,,0
862,862,,Tehama County Regional Occupational Program,10-12,0,0,1,0,Red Bluff,Tehama,,,0
863,863,,Santa Cruz County Regional Occupational Program,10-12,0,0,1,0,Santa Cruz,Santa Cruz,,,0
864,864,,Ravendale-Termo Elementary,K-12,1,0,0,2,Ravendale,Lassen,,,0
865,865,,Flournoy Union Elementary,K-8,1,0,0,0,Flournoy,Tehama,,,0
866,866,,Mattole Unified,K-12,2,0,1,1,Petrolia,Humboldt,,,0
867,867,,San Mateo County Office Of Education,K-12,0,0,4,2,Redwood City,San Mateo,,,0
868,868,,McCloud Union Elementary,K-8,1,0,0,0,McCloud,Siskiyou,,,0
869,869,,San Lucas Union Elementary,K-8,1,0,0,0,San Lucas,Monterey,,,0
870,870,,Chowchilla Elementary,K-8,3,2,0,0,Chowchilla,Madera,,,0
871,871,,Bolinas-Stinson Union,K-8,1,0,0,0,Bolinas,Marin,,,0
872,872,,Pope Valley Union Elementary,K-8,1,0,0,0,Pope Valley,Napa,,,0
873,873,,Long Beach Unified Regional Occupational Program,10-12,0,0,1,0,Long Beach,Los Angeles,,,0
874,874,,Kings County Office Of Education,K-12,0,0,2,1,Hanford,Kings,,,0
875,875,,Blake Elementary,K-8,1,0,0,0,Woody,Kern,,,0
876,876,,McKittrick Elementary,K-8,1,0,0,0,Mc Kittrick,Kern,,,0
877,877,,Laytonville Unified,K-12,3,0,2,0,Laytonville,Mendocino,,,0
878,878,,Elkins Elementary,K-8,1,0,0,0,Paskenta,Tehama,,,0
879,879,,Bitterwater-Tully Elementary,K-8,1,0,0,0,King City,Monterey,,,0
880,880,,Plumas County Regional Occupational Program,11-12,0,0,1,0,Quincy,Plumas,,,0
881,881,,San Joaquin County Regional Occupational Program,10-12,0,0,1,0,Stockton,San Joaquin,,,0
882,882,,Plumas County Office Of Education,K-12,1,0,1,1,Quincy,Plumas,,,0
883,883,,Fort Bragg Unified,K-12,3,1,3,1,Fort Bragg,Mendocino,,,0
884,884,,Pleasant View Elementary,K-8,2,0,0,0,Porterville,Tulare,,,0
885,885,,Los Angeles County Regional Occupational Program,9-12,0,0,1,0,Downey,Los Angeles,,,0
886,886,,Kern High Regional Occupational Center,9-12,0,0,1,0,Bakersfield,Kern,,,0
887,887,,Big Sur Unified,K-12,0,0,0,2,Big Sur,Monterey,,,0
888,888,,Tri-Cities Regional Occupational Program,9-12,0,0,1,0,Whittier,Los Angeles,,,0
889,889,,Fort Ross Elementary,K-8,1,0,0,0,Cazadero,Sonoma,,,0
890,890,,Tri-County Regional Occupational Program,9-12,0,0,1,0,Yuba City,Sutter,,,0
891,891,,Shasta County Office Of Education,K-12,2,0,3,1,Redding,Shasta,,,0
892,892,,Pleasant Valley Joint Union Elementary,K-8,1,0,0,0,San Miguel,San Luis Obispo,,,0
893,893,,Big Oak Flat-Groveland Unified,K-12,1,0,3,0,Groveland,Tuolumne,,,0
894,894,,Trinity Alps Unified,K-12,3,0,2,0,Weaverville,Trinity,,,0
895,895,,Fort Sage Unified,K-12,1,1,1,1,Herlong,Lassen,,,0
896,896,,Trinity Center Elementary,K-8,1,0,0,0,Trinity Center,Trinity,,,0
897,897,,Sierra County Office Of Education,K-12,0,0,0,1,Loyalton,Sierra,,,0
898,898,,Trinity County Office Of Education,K-12,0,0,1,4,Weaverville,Trinity,,,0
899,899,,Ca Advancing Pathways For Students In Los Angeles County Re,10-12,0,0,1,0,Bellflower,Los Angeles,,,0
900,900,,Tri-Valley Regional Occupational Program,9-12,0,0,1,0,Livermore,Alameda,,,0
901,901,,Silver Fork Elementary,K-8,1,0,0,0,Pollock Pines,El Dorado,,,0
902,902,,Cienega Union Elementary,K-8,1,0,0,0,Hollister,San Benito,,,0
903,903,,Big Creek Elementary,K-8,1,0,0,0,Big Creek,Fresno,,,0
904,904,,Mendocino County Regional Occupational Center/Regional Occu,9-12,0,0,1,0,Ukiah,Mendocino,,,0
905,905,,Siskiyou Regional Occupational Program,9-12,0,0,1,0,Yreka,Siskiyou,,,0
906,906,,Kern County Regional Occupational Program,9-12,0,0,1,0,Bakersfield,Kern,,,0
907,907,,Fowler Unified,K-12,4,1,4,0,Fowler,Fresno,,,0
908,908,,Mendocino Unified,K-12,3,0,2,1,Mendocino,Mendocino,,,0
909,909,,Solana Beach Elementary,K-6,7,0,0,0,Solana Beach,San Diego,,,0
910,910,,Coastline Regional Occupational Program,9-12,0,0,1,0,Costa Mesa,Orange,,,0
911,911,,Calaveras County Office Of Education,K-12,0,0,0,4,Angels Camp,Calaveras,,,0
912,912,,Placer Hills Union Elementary,K-8,2,0,0,0,Meadow Vista,Placer,,,0
913,913,,San Bernardino County Regional Occupational Program,9-12,0,0,1,0,San Bernardino,San Bernardino,,,0
914,914,,Placer County Office Of Education,K-12,0,0,0,6,Auburn,Placer,,,0
915,915,,Sonoma County Regional Occupational Program,10-12,0,0,1,0,Santa Rosa,Sonoma,,,0
916,916,,Coffee Creek Elementary,K-8,1,0,0,0,Trinity Center,Trinity,,,0
917,917,,San Benito County Office Of Education,K-12,0,0,1,2,Hollister,San Benito,,,0
918,918,,Pioneer Union Elementary,K-8,1,0,0,0,Berry Creek,Butte,,,0
919,919,,San Antonio Regional Occupational Program,K-12,0,0,0,1,Pomona,Los Angeles,,,0
920,920,,College And Career Advantage,8-12,0,0,1,0,San Juan Capistrano,Orange,,,0
921,921,,Lake County Office Of Education,K-12,0,0,1,2,Lakeport,Lake,,,0
922,922,,Twin Ridges Elementary,K-8,2,0,0,0,Nevada City,Nevada,,,0
923,923,,Caliente Union Elementary,K-8,1,0,0,0,Caliente,Kern,,,0
924,924,,Colton-Redlands-Yucaipa Regional Occupational Program,9-12,0,0,1,0,Redlands,San Bernardino,,,0
925,925,,Lagunitas Elementary,K-8,2,0,0,0,San Geronimo,Marin,,,0
926,926,,Merced County Office Of Education,K-12,0,0,0,7,Merced,Merced,,,0
927,927,,Sacramento County Office Of Education,K-12,1,0,5,3,Mather,Sacramento,,,0
928,928,,Merced County Regional Occupational Program,11-12,0,0,1,0,Merced,Merced,,,0
929,929,,Southern California Regional Occupational Center,10-12,0,0,1,0,Torrance,Los Angeles,,,0
930,930,,Meridian Elementary,K-12,2,0,1,1,Meridian,Sutter,,,0
931,931,,Evergreen Union,K-12,3,2,0,1,Cottonwood,Shasta,,,0
932,932,,Kashia Elementary,K-8,1,0,0,0,Stewarts Point,Sonoma,,,0
933,933,,Round Valley Unified,K-12,2,0,2,0,Covelo,Mendocino,,,0
934,934,,Union Joint Elementary,K-6,1,0,0,0,Petaluma,Sonoma,,,0
935,935,,La Puente Valley Regional Occupational Program,9-12,0,0,1,0,La Puente,Los Angeles,,,0
936,936,,Peninsula Union,K-8,1,0,0,0,Samoa,Humboldt,,,0
937,937,,California School For The Deaf-Fremont (State Special Schl),K-12,0,0,0,1,Fremont,Alameda,,,0
938,938,,Upper Lake Unified,K-12,1,1,3,0,Upper Lake,Lake,,,0
939,939,,Eureka Union,K-8,5,2,0,0,Granite Bay,Placer,,,0
940,940,,Junction Elementary,K-8,1,0,0,0,Somes Bar,Siskiyou,,,0
941,941,,State Board Of Education - Anahuacalmecac International Uni,K-12,0,0,0,1,Los Angeles,Los Angeles,,,0
942,942,,Junction City Elementary,K-8,1,0,0,0,Junction City,Trinity,,,0
943,943,,Camptonville Elementary,K-12,1,0,0,1,Camptonville,Yuba,,,0
944,944,,Antelope Valley Regional Occupational Program,9-12,0,0,1,0,Palmdale,Los Angeles,,,0
945,945,,State Board Of Education - Lifeline Education Charter,K-12,0,0,0,1,Compton,Los Angeles,,,0
946,946,,Antelope Elementary,K-8,4,2,0,0,Red Bluff,Tehama,,,0
947,947,,State Board Of Education - New West Charter,6-12,0,0,0,1,West Los Angeles,Los Angeles,,,0
948,948,,Metro Education,11-12,0,0,1,0,San Jose,Santa Clara,,,0
949,949,,State Board Of Education - Onepurpose,K-5,1,0,0,0,San Francisco,San Francisco,,,0
950,950,,Eden Area Regional Occupational Program,10-12,0,0,1,0,Hayward,Alameda,,,0
951,951,,State Board Of Education - Prepa Tec Los Angeles High,9-12,0,0,1,0,Huntington Park,Los Angeles,,,0
952,952,,Mission Trails Regional Occupational Program,9-12,0,0,1,0,Salinas,Monterey,,,0
953,953,,State Board Of Education - Rocketship Futuro Academy,K-5,1,0,0,0,Concord,Contra Costa,,,0
954,954,,Graves Elementary,K-8,1,0,0,0,Salinas,Monterey,,,0
955,955,,State Board Of Education - The School Of Arts And Enterprise,6-12,0,0,0,1,Pomona,Los Angeles,,,0
956,956,,Valley Regional Occupational Program,9-12,0,0,1,0,Sanger,Fresno,,,0
957,957,,State Board Of Education - Wei Yu International Charter,K-8,0,0,0,0,San Jose,Santa Clara,,,0
958,958,,Green Point Elementary,K-8,1,0,0,0,Blue Lake,Humboldt,,,0
959,959,,Cascade Union Elementary,K-8,3,1,0,0,Anderson,Shasta,,,0
960,960,,Ventura County Regional Occupational Program,10-12,0,0,1,0,Camarillo,Ventura,,,0
961,961,,Manchester Union Elementary,K-8,1,0,0,0,Manchester,Mendocino,,,0
962,962,,Jefferson Elementary,K-8,1,0,0,0,Paicines,San Benito,,,0
963,963,,Kneeland Elementary,K-8,1,0,0,0,Kneeland,Humboldt,,,0
964,964,,Panoche Elementary,K-8,1,0,0,0,Paicines,San Benito,,,0
965,965,,Klamath-Trinity Joint Unified,K-12,5,0,2,0,Hoopa,Humboldt,,,0
966,966,,Jamul-Dulzura Union Elementary,K-12,2,1,0,1,Jamul,San Diego,,,0
967,967,,Central Orange County Cte Partnership (Ctep),10-12,0,0,1,0,Santa Ana,Orange,,,0
968,968,,Mission Valley Regional Occupational Center/Program,9-12,0,0,1,0,Fremont,Alameda,,,0
969,969,,Surprise Valley Joint Unified,K-12,1,0,1,0,Cedarville,Modoc,,,0
970,970,,Colusa County Office Of Education,7-12,0,0,1,0,Colusa,Colusa,,,0
971,971,,Marin County Office Of Education,K-12,0,0,2,2,San Rafael,Marin,,,0
972,972,,Modoc County Office Of Education,K-12,0,0,0,2,Alturas,Modoc,,,0
973,973,,Glenn County Office Of Education,K-12,1,0,3,2,Willows,Glenn,,,0
974,974,,Palermo Union Elementary,K-8,4,2,0,0,Palermo,Butte,,,0
975,975,,Santa Barbara County Regional Occupational Program,9-12,0,0,1,0,Santa Barbara,Santa Barbara,,,0
976,976,,Compton Unified Regional Occupational Program,9-12,0,0,1,0,Compton,Los Angeles,,,0
977,977,,Santa Clara Elementary,K-6,1,0,0,0,Santa Paula,Ventura,,,0
978,978,,Amador County Regional Occupational Program,12,0,0,1,0,Jackson,Amador,,,0
979,979,,Napa County Regional Occupational Program,10-12,0,0,1,0,Napa,Napa,,,0
980,980,,Warner Unified,K-12,2,0,2,2,Warner Springs,San Diego,,,0
981,981,,San Mateo County Regional Occupational Program,11-12,0,0,1,0,Redwood City,San Mateo,,,0
982,982,,Contra Costa County Office Of Education,K-12,1,0,3,8,Pleasant Hill,Contra Costa,,,0
983,983,,Butte County Regional Occupational Program,9-12,0,0,1,0,Chico,Butte,,,0
984,984,,Contra Costa County Regional Occupational Program,9-12,0,0,1,0,Pleasant Hill,Contra Costa,,,0
985,985,,Saucelito Elementary,K-8,1,0,0,0,Terra Bella,Tulare,,,0
986,986,,Modoc County Regional Occupational Program,9-12,0,0,1,0,Alturas,Modoc,,,0
987,987,,Forks Of Salmon Elementary,K-8,1,0,0,0,Forks Of Salmon,Siskiyou,,,0
988,988,,Indian Springs Elementary,K-8,1,0,0,0,Big Bend,Shasta,,,0
989,989,,Butte Valley Unified,K-12,2,0,2,0,Dorris,Siskiyou,,,0
990,990,,Owens Valley Unified,K-12,1,0,1,0,Independence,Inyo,,,0
991,991,,San Francisco County Regional Occupational Program,10-12,0,0,1,0,San Francisco,San Francisco,,,0
992,992,,Washington Union Elementary,K-8,2,1,0,0,Salinas,Monterey,,,0
993,993,,Lassen Regional Occupational Program,11-12,0,0,1,0,Susanville,Lassen,,,0
994,994,,Indian Diggings Elementary,K-8,1,0,0,0,Somerset,El Dorado,,,0
995,995,,Shasta-Trinity Regional Occupational Program,10-12,0,0,1,0,Redding,Shasta,,,0
996,996,,Corcoran Joint Unified,K-12,3,1,2,2,Corcoran,Kings,,,0
997,997,,Forty-Niner Regional Occupational Program,10-12,0,0,1,0,Auburn,Placer,,,0
998,998,,Imperial Valley Regional Occupational Program,9-12,0,0,1,0,El Centro,Imperial,,,0
999,999,,Los Angeles Unified Regional Occupational Center Program,,0,0,0,0,Los Angeles,Los Angeles,,,0
1000,1000,,Orick Elementary,K-8,1,0,0,0,Orick,Humboldt,,,0
1001,1001,,Bennett Valley Union Elementary,K-6,2,0,0,0,Santa Rosa,Sonoma,,,0
1002,1002,,Mono County Office Of Education,K-12,0,0,4,1,Bridgeport,Mono,,,0
1003,1003,,San Diego County Regional Occupational Program,9-12,0,0,1,0,San Diego,San Diego,,,0
1004,1004,,Mono County Regional Occupational Center/Program,9-12,0,0,1,0,Bridgeport,Mono,,,0
1005,1005,,Sonoma County Office Of Education,K-12,0,0,0,3,Santa Rosa,Sonoma,,,0
1006,1006,,Imperial County Office Of Education,K-12,0,0,1,3,El Centro,Imperial,,,0
1007,1007,,San Ardo Union Elementary,K-8,1,0,0,0,San Ardo,Monterey,,,0
1008,1008,,Eastern Sierra Unified,K-12,4,0,2,0,Bridgeport,Mono,,,0
1009,1009,,South Bay Union Elementary,K-12,3,0,0,1,Eureka,Humboldt,,,0
1010,1010,,West Side Regional Occupational Program,9-12,0,0,1,0,Taft,Kern,,,0
1011,1011,,Laguna Joint Elementary,K-6,1,0,0,0,Petaluma,Sonoma,,,0
1012,1012,,Igo Ono Platina Union Elementary,K-8,2,0,0,0,Igo,Shasta,,,0
1013,1013,,Gazelle Union Elementary,K-8,1,0,0,0,Gazelle,Siskiyou,,,0
1014,1014,,Montgomery Elementary,K-8,1,0,0,0,Cazadero,Sonoma,,,0
1015,1015,,Spencer Valley Elementary,K-12,1,0,0,2,Santa Ysabel,San Diego,,,0
1016,1016,,Oak Run Elementary,K-8,1,0,0,0,Oak Run,Shasta,,,0
1017,1017,,California School For The Deaf-Riverside (State Special Sch,K-12,0,0,0,1,Riverside,Riverside,,,0
1018,1018,,East San Gabriel Valley Regional Occupational Program,9-12,0,0,1,0,West Covina,Los Angeles,,,0
1019,1019,,State Board Of Education - Audeo Charter II,K-12,0,0,0,1,Carlsbad,San Diego,,,0
1020,1020,,Death Valley Unified,K-12,2,0,2,0,Shoshone,Inyo,,,0
1021,1021,,State Board Of Education - Magnolia Science Academy Santa A,6-12,0,0,0,1,Santa Ana,Orange,,,0
1022,1022,,Del Norte County Office Of Education,K-12,1,0,2,2,Crescent City,Del Norte,,,0
1023,1023,,State Board Of Education - Paramount Collegiate Academy,6-12,0,0,0,1,Sacramento,Sacramento,,,0
1024,1024,,Humboldt County Regional Occupational Program,10-12,0,0,1,0,Eureka,Humboldt,,,0
1025,1025,,State Board Of Education - The New School Of San Francisco,K-5,1,0,0,0,San Francisco,San Francisco,,,0
1026,1026,,Westwood Unified,K-12,1,0,1,1,Westwood,Lassen,,,0
1027,1027,,Riverside County Office Of Education Regional Occupational,9-12,0,0,1,0,Riverside,Riverside,,,0
1028,1028,,Alpine County Office Of Education,1-12,0,0,0,1,Markleeville,Alpine,,,0
1029,1029,,Castle Rock Union Elementary,K-8,1,0,0,0,Castella,Shasta,,,0
1030,1030,,North Orange County Regional Occupational Program-Adult,9-12,0,0,1,0,Anaheim,Orange,,,0
1031,1031,,Maple Creek Elementary,K-8,1,0,0,0,Korbel,Humboldt,,,0
1032,1032,,Whitmore Union Elementary,K-12,1,0,0,2,Whitmore,Shasta,,,0
1033,1033,,Central Sierra Regional Occupational Program,10-12,0,0,1,0,Placerville,El Dorado,,,0
1034,1034,,Humboldt County Office Of Education,K-12,0,0,4,3,Eureka,Humboldt,,,0
1035,1035,,Kingsburg Elementary Charter,K-8,6,1,0,0,Kingsburg,Fresno,,,0
1036,1036,,Hughson Unified,K-12,2,1,3,0,Hughson,Stanislaus,,,0
1037,1037,,Little Shasta Elementary,K-6,1,0,0,0,Montague,Siskiyou,,,0
1038,1038,,William (R) Rouse Regional Occupational Program,10-12,0,0,1,0,Loyalton,Sierra,,,0
1039,1039,,Butte County Office Of Education,K-12,0,1,2,4,Oroville,Butte,,,0
1040,1040,,Allensworth Elementary,K-8,1,0,0,0,Earlimart,Tulare,,,0
1041,1041,,Feather Falls Union Elementary,K-12,1,0,0,1,Oroville,Butte,,,0
1042,1042,,Williams Unified,K-12,2,0,2,0,Williams,Colusa,,,0
1043,1043,,Seiad Elementary,K-8,1,0,0,0,Seiad Valley,Siskiyou,,,0
1044,1044,,North Kern Vocational Training Center,9-12,0,0,1,0,Wasco,Kern,,,0
1045,1045,,Lassen County Office Of Education,K-12,0,0,1,1,Susanville,Lassen,,,0
1046,1046,,Willow Creek Elementary,K-8,1,0,0,0,Montague,Siskiyou,,,0
1047,1047,,Sierra-Plumas Joint Unified,K-12,2,0,3,0,Loyalton,Sierra,,,0
1048,1048,,Willow Grove Union Elementary,K-8,1,0,0,0,Paicines,San Benito,,,0
1049,1049,,French Gulch-Whiskeytown Elementary,K-8,1,0,0,0,French Gulch,Shasta,,,0
1050,1050,,Del Norte County Regional Occupational Program,9-12,0,0,1,0,Crescent City,Del Norte,,,0
1051,1051,,San Bernardino County Office Of Education,K-12,1,0,0,6,San Bernardino,San Bernardino,,,0
1052,1052,,North County Regional Occupational Center/Program (Roc/P),9-12,0,0,1,0,Sunnyvale,Santa Clara,,,0
1053,1053,,Sacramento County Regional Occupational Program,9-12,0,0,1,0,Mather,Sacramento,,,0
1054,1054,,Nicasio,K-8,1,0,0,0,Nicasio,Marin,,,0
1055,1055,,Southern Trinity Joint Unified,K-12,2,0,2,0,Bridgeville,Humboldt,,,0
1056,1056,,Howell Mountain Elementary,K-8,1,0,0,0,Angwin,Napa,,,0
1057,1057,,State Board Of Education - Academia Avance Charter,6-12,0,0,0,1,Highland Park,Los Angeles,,,0
1058,1058,,Mountain House Elementary,K-8,1,0,0,0,Byron,Contra Costa,,,0
1059,1059,,State Board Of Education - Olive Grove Charter,K-12,0,0,0,1,New Cuyama,Santa Barbara,,,0
1060,1060,,Hot Springs Elementary,K-8,1,0,0,0,California Hot Springs,Tulare,,,0
1061,1061,,State Board Of Education - Thrive Public,K-12,0,0,0,1,San Diego,San Diego,,,0
1062,1062,,Hornbrook Elementary,K-8,1,0,0,0,Hornbrook,Siskiyou,,,0
1063,1063,,Summerville Union High,K-12,0,0,6,1,Tuolumne,Tuolumne,,,0
1064,1064,,Delphic Elementary,K-12,1,0,0,0,Montague,Siskiyou,,,0
1065,1065,,Marin County Regional Occupational Program,9-12,0,0,1,0,San Rafael,Marin,,,0
1066,1066,,Denair Unified,K-12,2,1,1,1,Denair,Stanislaus,,,0
1067,1067,,Leggett Valley Unified,K-12,2,0,2,0,Leggett,Mendocino,,,0
1068,1068,,Horicon Elementary,K-8,1,0,0,0,Annapolis,Sonoma,,,0
1069,1069,,Farmersville Unified,K-12,3,1,2,0,Farmersville,Tulare,,,0
1070,1070,,Mountain Union Elementary,K-8,1,0,0,0,Montgomery Creek,Shasta,,,0
1071,1071,,Big Lagoon Union Elementary,K-8,1,0,0,0,Trinidad,Humboldt,,,0
1072,1072,,Mountain Valley Unified,K-12,2,0,2,0,Hayfork,Trinity,,,0
1073,1073,,Belridge Elementary,K-8,1,0,0,0,Mc Kittrick,Kern,,,0
1074,1074,,Desert Center Unified,K-8,1,0,0,0,Desert Center,Riverside,,,0
1075,1075,,Southeast Regional Occupational Program,9-12,0,0,1,0,Cerritos,Los Angeles,,,0
1076,1076,,Yolo County Office Of Education,K-12,1,0,2,1,Woodland,Yolo,,,0
1077,1077,,State Board Of Education - Baypoint Preparatory Academy,K-12,0,0,0,1,Hemet,Riverside,,,0
1078,1078,,Yolo County Regional Occupational Program,9-12,0,0,1,0,Woodland,Yolo,,,0
1079,1079,,Stony Creek Joint Unified,K-12,1,1,2,0,Elk Creek,Glenn,,,0
1080,1080,,Yosemite Regional Occupational Program,11-12,0,0,1,0,Modesto,Stanislaus,,,0
1081,1081,,Bret Harte Union High,9-12,0,0,3,0,Angels Camp,Calaveras,,,0
1082,1082,,Mt. Baldy Joint Elementary,K-8,1,0,0,0,Mt Baldy,San Bernardino,,,0
1083,1083,,San Francisco County Office Of Education,K-12,0,0,0,4,San Francisco,San Francisco,,,0
1084,1084,,Lake County Regional Occupational Program,9-12,0,0,1,0,Lakeport,Lake,,,0
1085,1085,,Mt. Shasta Union Elementary,K-8,2,0,0,0,Mount Shasta,Siskiyou,,,0
1086,1086,,Hart Regional Occupational Program,9-12,0,0,1,0,Santa Clarita,Los Angeles,,,0
1087,1087,,Happy Valley Union Elementary,K-8,3,0,0,0,Anderson,Shasta,,,0
1088,1088,,Yreka Union Elementary,K-8,3,0,0,0,Yreka,Siskiyou,,,0
1089,1089,,California School For The Blind (State Special Schl),K-12,0,0,0,1,Fremont,Alameda,,,0
1090,1090,,Siskiyou County Office Of Education,K-12,0,0,0,3,Yreka,Siskiyou,,,0
1091,1091,,Bogus Elementary,K-8,1,0,0,0,Montague,Siskiyou,,,0
1092,1092,,Klamath River Union Elementary,K-8,1,0,0,0,Horse Creek,Siskiyou,,,0
1093,1093,,Canyon Elementary,K-8,1,0,0,0,Canyon,Contra Costa,,,0
